product_id,total_unit_purchased,average_unit_purchased, title, url, brand, price, frame_size, frame_width, model_no, productKeys, warranty,cost_of_product
201100,19,6,Gunmetal Blue Full Rim Rectangle,https://www.lenskart.com/vincent-chase-vc-e14937-c1-eyeglasses.html,Vincent Chase,1700,Wide ?,139 mm,VC E14937,",Eyewear,Eyeglasses,Brands,Vincent Chase",with 1 Year Warranty & 14 Day Return,1115
212872,5,5,Rose Gold Full Rim Geometric,https://www.lenskart.com/vincent-chase-vc-e16457-c2-eyeglasses.html,Vincent Chase,1700,Medium ?,134 mm,VC E16457,",Eyewear",with 1 Year Warranty & 14 Day Return,1022
151324,2,2,Aquacolor Premium Silver Gray Zero Power Monthly,https://www.lenskart.com/aquacolor-premium-silver-gray-contact-lenses-2-lens-box.html,null,299,null,null,Aquacolor Premium Silver Gray Zero Power Monthly,null,null,199
150414,11,11,Black Rimless Rectangle,https://www.lenskart.com/vincent-chase-vc-e14324-c4-eyeglasses.html,Vincent Chase,1700,Medium ?,136 mm,VC E14324,",Eyewear,Eyeglasses,Brands,Vincent Chase",with 1 Year Warranty & 14 Day Return,1058
210350,12,6,Black Transparent Full Rim Rectangle,https://www.lenskart.com/lenskart-LK-E15940-C2-eyeglasses.html,Lenskart STUDIO,1700,Medium ?,134 mm,LK E15940,",Eyewear",with 1 Year Warranty & 14 Day Return,1101
152847,15,15,Gold Grey Full Rim Cat Eye,https://www.lenskart.com/vincent-chase-vc-s11759-c4-sunglasses.html,Vincent Chase Polarized,2000,Wide ?,142 mm,VC S11759,",Eyewear,Sunglasses,Brands,Vincent Chase",with 1 year warranty,1231
211189,14,14,Grey Transparent Full Rim Rectangle,https://www.lenskart.com/john-jacobs-jj-e16115-c1-eyeglasses.html,John Jacobs,3500,Wide ?,138 mm,JJ E16115,",Eyewear,Eyeglasses,Brands,John Jacobs",with 1 Year Warranty & 14 Day Return,2228
148478,19,19,Black Full Rim Round,https://www.lenskart.com/vincent-chase-vc-e14032-c2-eyeglasses.html,Vincent Chase,1700,Extra Narrow ?,129 mm,VC E14032,",Eyewear",with 1 Year Warranty & 14 Day Return,1035
145974,14,7,Matte Black Rimless Rectangle,https://www.lenskart.com/lenskart-air-la-0353-rimless-rectangle-tr90-c2-eyeglasses.html,Lenskart Air,1700,Extra Narrow ?,123 mm,LA 0353,",Eyewear,Eyeglasses,Brands,Lenskart Air",with 1 Year Warranty & 14 Day Return,1132
130270,14,14,Blue Full Rim Rectangle,https://www.lenskart.com/vincent-chase-vc-e10502-c-2-eyeglasses.html,Vincent Chase,1700,Narrow ?,130 mm,VC E10502,",Eyewear,Eyeglasses,Brands,Vincent Chase",with 1 Year Warranty & 14 Day Return,1168
140632,15,15,Grey Transparent Full Rim Wayfarer,https://www.lenskart.com/john-jacobs-jj-s13313-c1-sunglasses.html,John Jacobs,5000,Wide ?,139 mm,JJ S13313,",Eyewear,Sunglasses,Brands,John Jacobs",with 1 year warranty,3263
201618,15,15,Brown Transparent Full Rim Cat Eye,https://www.lenskart.com/vincent-chase-vc-e14973-c2-eyeglasses.html,Vincent Chase,1700,Narrow ?,132 mm,VC E14973,",Eyewear,Eyeglasses,Brands,Vincent Chase",with 1 Year Warranty & 14 Day Return,1045
206269,27,9,Silver Blue Full Rim Square,https://www.lenskart.com/vincent-chase-vc-e15348-c2-eyeglasses.html,Vincent Chase,1700,Medium ?,137 mm,VC E15348,",Eyewear,Eyeglasses,Brands,Vincent Chase",with 1 Year Warranty & 14 Day Return,1154
204179,4,4,Grey Transparent Full Rim Rectangle,https://www.lenskart.com/lenskart-air-la-e15017-c2-eyeglasses.html,Lenskart Air,1700,Medium ?,135 mm,LA E15017,",Eyewear,Eyeglasses,Brands,Lenskart Air",with 1 Year Warranty & 14 Day Return,1113
212816,13,7,Blue Sky Full Rim Wayfarer,https://www.lenskart.com/lenskart-hustlr-la-e15417-xw-c22-eyeglasses.html,Lenskart Hustlr,1700,Extra Wide ?,144 mm,LA E15417-XW,",Eyewear,Brands",with 1 Year Warranty & 14 Day Return,1134
151701,9,9,Black Sky Blue Full Rim Rectangle,https://www.lenskart.com/lenskart-air-la-e14572-c2-eyeglasses.html,Lenskart Air,1700,Medium ?,137 mm,LA E14572,",Eyewear,Eyeglasses,Brands,Lenskart Air",with 1 Year Warranty & 14 Day Return,1040
143890,44,15,Blue Block Screen Glasses: Gunmetal Grey Transparent Full Rim Square Lenskart BLU LB E13529-C5,https://www.lenskart.com/vincent-chase-vc-e13529-c5-eyeglasses.html,Lenskart Blu,2000,Medium ?,136 mm,LB E13529,",Eyewear,Eyeglasses,Brands,Lenskart Blu",null,1251
204847,16,16,Silver Full Rim Geometric,https://www.lenskart.com/vincent-chase-vc-s12917-l1-sunglasses.html,Vincent Chase Polarized,1500,Wide ?,142 mm,VC S12917,",Eyewear,Sunglasses,Brands,Vincent Chase",with 1 year warranty,916
207672,8,8,Sky Blue Full Rim Wayfarer,https://www.lenskart.com/lenskart-hustlr-hp-e15011l-c4-eyeglasses.html,Lenskart Hustlr,1700,Extra Narrow ?,125 mm,HP E15011,",Eyewear,Eyeglasses,Brands,Hooper",with 1 Year Warranty & 14 Day Return,1033
215382,5,5,Purple Full Rim Cat Eye,https://www.lenskart.com/vincent-chase-vc-e16658-c2-eyeglasses.html,Vincent Chase,1700,Extra Narrow ?,129 mm,VC E16658,",Eyewear,Eyeglasses,Brands,Vincent Chase",with 1 Year Warranty & 14 Day Return,1128
211192,20,10,Gunmetal Tortoise Full Rim Square,https://www.lenskart.com/john-jacobs-jj-e-16116-c1-eyeglasses.html,John Jacobs,3500,Wide ?,141 mm,JJ E16116,",Eyewear,Eyeglasses,Brands,John Jacobs",with 1 Year Warranty & 14 Day Return,2121
201545,1,1,Grey Transparent Full Rim Cat Eye,https://www.lenskart.com/lenskart-air-la-e11487-c7-eyeglasses.html,Lenskart Air,1700,Medium ?,135 mm,LA E11487,",Eyewear,Eyeglasses,Brands,Lenskart Air",with 1 Year Warranty & 14 Day Return,1105
217201,4,4,Denim Full Rim Wayfarer,https://www.lenskart.com/lenskart-hustlr-lh-e16985-w-c1-eyeglasses.html,Lenskart Hustlr,1700,Medium ?,139 mm,LH E16985-W,",Eyewear,Eyeglasses,Brands,Lenskart HUSTLR",with 1 Year Warranty & 14 Day Return,1079
149934,72,8,Aquacolor Candypack Tricky Turquoise Zero Power Daily,https://www.lenskart.com/aquacolor-tricky-turquoise-n-candy-pack-color-lenses-2-lens-box-plano.html,null,169,null,null,Aquacolor Candypack Tricky Turquoise Zero Power Daily,null,null,104
153144,24,6,Aquacolor Premium Brown Powered Monthly,https://www.lenskart.com/aquacolor-premium-brown-color-contact-lenses-1-lens-box.html,null,299,null,null,Aquacolor Premium Brown Powered Monthly,",Eyewear,Contact Lenses,Top Lens Brands,Aqualens Contact Lens,Aqualens color contact lenses",null,191
121600,18,18,Pro Titanium Gunmetal Rimless Rectangle,https://www.lenskart.com/gunmetal-rimless-rectangle-medium-size-52-john-jacobs-titanium-jj-e10640-c2-eyeglasses.html,John Jacobs,5000,Extra Narrow ?,128 mm,JJ E10640,",Eyewear,Eyeglasses,Brands,John Jacobs",with 1 Year Warranty & 14 Day Return,3301
151511,10,10,Tortoise Full Rim Round,https://www.lenskart.com/vincent-chase-vc-s14523-c5-sunglasses.html,Vincent Chase,2000,Narrow ?,135 mm,VC S14523,",Eyewear,Sunglasses,Brands,Vincent Chase",with 1 year warranty,1238
145991,19,10,Matte Dark Blue Full Rim Rectangle,https://www.lenskart.com/lenskart-air-la-e11415-full-rim-rectangle-clip-on-c3-eyeglasses.html,Lenskart Air,3000,Wide ?,139 mm,LA E11415,",Eyewear,Eyeglasses,Brands,Lenskart Air",with 1 Year Warranty & 14 Day Return,1859
208805,2,2,Aquacolor Spicy Gray Premium Powered Monthly,https://www.lenskart.com/aquacolor-aquacolor-premium-spicy-gray-color-cl-1lens-box-plano.html,null,299,null,null,Aquacolor Spicy Gray Premium Powered Monthly,",Eyewear,Contact Lenses,Top Lens Brands,Aqualens Contact Lens,Aqualens color contact lenses",null,190
207671,20,20,Dark Night Full Rim Wayfarer,https://www.lenskart.com/lenskart-hustlr-la-e15417-c10-eyeglasses.html,Lenskart Hustlr,1700,Medium ?,139 mm,LA E15417-W,",Eyewear,Brands",with 1 Year Warranty & 14 Day Return,1144
133686,19,19,Black Rimless Rectangle,https://www.lenskart.com/john-jacobs-jj-e11318-rectangle-c4-eyeglasses.html,John Jacobs,5000,Narrow ?,132 mm,JJ E11318,",Eyewear,Eyeglasses,Brands,John Jacobs",with 1 Year Warranty & 14 Day Return,3358
151050,26,9,Matte Black Full Rim Wayfarer,https://www.lenskart.com/vincent-chase-vc-s14458-c1-sunglasses.html,Vincent Chase,2000,Medium ?,139 mm,VC S14458,",Eyewear,Sunglasses,Brands,Vincent Chase",with 1 year warranty,1226
151323,1,1,Aquacolor Premium Gray Zero Power Monthly,https://www.lenskart.com/aquacolor-premium-gray-contact-lenses-2-lens-box.html,null,299,null,null,Aquacolor Premium Gray Zero Power Monthly,null,null,204
149773,1,1,Blue Half Rim Rectangle,https://www.lenskart.com/vincent-chase-vc-e11891-c4-eyeglasses.html,Vincent Chase,1700,Medium ?,134 mm,VC E11891,",Eyewear,Eyeglasses,Brands,Vincent Chase",with 1 Year Warranty & 14 Day Return,1175
151536,7,7,Blue Transparent Full Rim Round,https://www.lenskart.com/lenskart-air-la-e14532-c2-eyeglasses.html,Lenskart Air,1700,Medium ?,137 mm,LA E14532,",Eyewear,Eyeglasses,Brands,Lenskart Air",with 1 Year Warranty & 14 Day Return,1114
217206,3,3,Denim Full Rim Wayfarer,https://www.lenskart.com/lenskart-hustlr-lh-e16985-N-c1-eyeglasses.html,Lenskart Hustlr,1700,Narrow ?,134 mm,LH E16985-N,",Eyewear,Eyeglasses,Brands,Lenskart HUSTLR",with 1 Year Warranty & 14 Day Return,1161
134722,63,13,Aqualens Daily Disposable 10Hrs,https://www.lenskart.com/aqualens-daily-disposable-contact-lenses-10-lenses-box.html,null,319,null,null,Aqualens Daily Disposable 10Hrs,null,null,204
150879,19,10,Transparent Full Rim Rectangle,https://www.lenskart.com/john-jacobs-jj-e14416-c3-eyeglasses.html,John Jacobs,3500,Medium ?,136 mm,JJ E14416,",Eyewear,Eyeglasses,Brands,John Jacobs",with 1 Year Warranty & 14 Day Return,2192
143688,13,13,Transparent Full Rim Wayfarer,https://www.lenskart.com/john-jacobs-jj-e13491-c2-eyeglasses.html,John Jacobs,3500,Medium ?,134 mm,JJ E13491,",Eyewear,Eyeglasses,Brands,John Jacobs",with 1 Year Warranty & 14 Day Return,2362
212329,3,3,Black Full Rim Rectangle,https://www.lenskart.com/lenskart-air-la-e16349-c2-eyeglasses.html,Lenskart Air,1700,Medium,137 mm,LA E16349,",Eyewear,Eyeglasses,Brands,Lenskart Air",with 1 Year Warranty & 14 Day Return,1051
134224,3,3,Black Blue Full Rim Rectangle,https://www.lenskart.com/john-jacobs-jj-e10232-c4-full-rim-rectangle-eyeglasses.html,John Jacobs,3500,Wide ?,141 mm,JJ E10232,",Eyewear,Eyeglasses,Brands,John Jacobs",with 1 Year Warranty & 14 Day Return,2327
149936,35,12,Aquacolor Candypack Dusky Brown Zero Power Daily,https://www.lenskart.com/aquacolor-dusky-brown-n-candy-pack-color-lenses-2-lens-box-plano.html,null,169,null,null,Aquacolor Candypack Dusky Brown Zero Power Daily,null,null,107
200811,17,17,Green Rimless Rectangle,https://www.lenskart.com/vincent-chase-vc-e14886-c2-eyeglasses.html,Vincent Chase,1700,Narrow ?,136 mm,VC E14886,",Eyewear,Eyeglasses,Brands,Vincent Chase",with 1 Year Warranty & 14 Day Return,1179
122260,37,12,Matte Black Golden Full Rim Clubmaster,https://www.lenskart.com/black-grey-full-rim-clubmaster-small-size-53-vincent-chase-polarized-popstar-vc-s10681-p-c2-sunglasses.html,Vincent Chase Polarized,2000,Extra Wide ?,146 mm,VC S10681/P,",Eyewear,Sunglasses,Brands,Vincent Chase",with 1 year warranty,1350
149044,20,20,Gold Full Rim Round,https://www.lenskart.com/vincent-chase-vc-s13137-c4-c4-sunglasses.html,Vincent Chase Polarized,2000,Narrow ?,135 mm,VC S13137,",Eyewear,Sunglasses,Brands,Vincent Chase",with 1 year warranty,1325
210142,17,17,Blue Full Rim Rectangle,https://www.lenskart.com/lenskart-air-la-e12852-c5-eyeglasses.html,Lenskart Air,1700,Medium ?,135 mm,LA E12852,",Eyewear",with 1 Year Warranty & 14 Day Return,1099
146991,17,17,Matte Blue Grey Full Rim Wayfarer,https://www.lenskart.com/vincent-chase-vc-s13820-c2-suglasses.html,Vincent Chase Polarized,2000,Wide ?,142 mm,VC S13820,",Eyewear,Sunglasses,Brands,Vincent Chase",with 1 year warranty,1267
151537,20,20,Green Transparent Full Rim Round,https://www.lenskart.com/lenskart-air-la-e14532-c3-eyeglasses.html,Lenskart Air,1700,Medium ?,137 mm,LA E14532,",Eyewear,Eyeglasses,Brands,Lenskart Air",with 1 Year Warranty & 14 Day Return,1043
149062,12,12,Tortoise Full Rim Cat Eye,https://www.lenskart.com/vincent-chase-vc-e14107-c2-c2-eyeglasses.html,Vincent Chase,1700,Medium ?,135 mm,VC E14107,",Eyewear,Eyeglasses,Brands,Vincent Chase",with 1 Year Warranty & 14 Day Return,1025
211315,28,14,Pink Transparent Full Rim Geometric,https://www.lenskart.com/vincent-chase-vc-e13451-w-c1-eyeglasses.html,Vincent Chase,1700,Wide ?,141 mm,VC E13451-W,",Eyewear,Eyeglasses,Brands,Vincent Chase",with 1 Year Warranty & 14 Day Return,1027
143006,24,12,Matte Black Half Rim Rectangle,https://www.lenskart.com/vincent-chase-vc-e13396-c1-eyeglasses.html,Vincent Chase,1700,Narrow ?,130 mm,VC E13396,",Eyewear,Eyeglasses,Brands,Vincent Chase",with 1 Year Warranty & 14 Day Return,1049
137999,5,5,Grey Full Rim Square,https://www.lenskart.com/matte-blue-black-full-rim-square-vincent-chase-steel-escobar-vc-e13045-c2-eyeglasses.html,Vincent Chase,1700,Medium ?,132 mm,VC E13045,",Eyewear,Eyeglasses,Brands,Vincent Chase",with 1 Year Warranty & 14 Day Return,1184
210671,1,1,Amber Full Rim Wayfarer,https://www.lenskart.com/vincent-chase-polarized-la-e15417-c2-sunglasses.html,Lenskart Hustlr,2000,Medium ?,139 mm,LA E15417-M,",Eyewear,Brands",with 1 year warranty,1352
137934,11,11,Black Full Rim Cat Eye,https://www.lenskart.com/vincent-chase-vc-e13029-c1-eyeglasses.html,Vincent Chase,1700,Medium ?,136 mm,VC E13029,",Eyewear,Eyeglasses,Brands,Vincent Chase",with 1 Year Warranty & 14 Day Return,1041
215966,11,6,Grey Transparent Full Rim Wayfarer,https://www.lenskart.com/vincent-chase-vc-s16748-c2-sunglasses.html,Vincent Chase Polarized,2000,Wide ?,143 mm,VC S16748,",Eyewear,Sunglasses,Brands,Vincent Chase",with 1 year warranty,1256
138264,18,18,Black Full Rim Clubmaster,https://www.lenskart.com/john-jacobs-jj-s13089-c1-sunglasses.html,John Jacobs,6000,Wide ?,139 mm,JJ S13089,",Eyewear,Sunglasses,Brands,John Jacobs",with 1 year warranty,3707
152656,3,3,Gunmetal Rimless Rectangle,https://www.lenskart.com/john-jacobs-jj-e14684-c1-eyeglasses.html,John Jacobs,5000,Medium ?,134 mm,JJ E14684,",Eyewear,Eyeglasses,Brands,John Jacobs",with 1 Year Warranty & 14 Day Return,3475
150413,2,1,Pink Rimless Rectangle,https://www.lenskart.com/vincent-chase-vc-e14324-c3-eyeglasses.html,Vincent Chase,1700,Medium ?,136 mm,VC E14324,",Eyewear,Eyeglasses,Brands,Vincent Chase",with 1 Year Warranty & 14 Day Return,1115
149276,17,9,Black Full Rim Round,https://www.lenskart.com/vincent-chase-vcs13112-c9-c9-sunglasses.html,Vincent Chase Polarized,2000,Medium ?,140 mm,VC S13112,",Eyewear,Sunglasses,Brands,Vincent Chase",with 1 year warranty,1371
144128,14,14,Aqualens Toric Daily Disposable 24Hrs,https://www.lenskart.com/aqualens-24-h-daily-disposable-toric-contact-lens-30-lens-box.html,null,1899,null,null,Aqualens Toric Daily Disposable 24Hrs,null,null,1215
206142,5,5,Gunmetal Grey Full Rim Square,https://www.lenskart.com/lenskart-air-la-e15326-c1-eyeglasses.html,Lenskart Air Online,3000,Narrow ?,131 mm,LA E15326,",Eyewear,Eyeglasses,Brands,Lenskart Air",with 1 Year Warranty & 14 Day Return,1911
118538,42,11,Aqualens Daily Disposable 24Hrs,https://www.lenskart.com/aqualens-24-h-daily-disposable-30-lens-per-box.html,null,1790,null,null,Aqualens Daily Disposable 24Hrs,",Eyewear,Contact Lenses,Top Lens Brands,Aqualens Contact Lens",null,1116
151702,25,13,Grey Transparent Full Rim Rectangle,https://www.lenskart.com/lenskart-air-la-e14572-c3-eyeglasses.html,Lenskart Air,1700,Medium ?,137 mm,LA E14572,",Eyewear,Eyeglasses,Brands,Lenskart Air",with 1 Year Warranty & 14 Day Return,1063
135438,6,6,Gold Rimless Rectangle,https://www.lenskart.com/john-jacobs-rimless-jj-e12610-c1-eyeglasses.html,John Jacobs,3500,Medium ?,134 mm,JJ E12610,",Eyewear,Eyeglasses,Brands,John Jacobs",with 1 Year Warranty & 14 Day Return,2231
150574,16,16,Blue Full Rim Round,https://www.lenskart.com/lenskart-air-la-e14360-c2-eyeglasses.html,Lenskart Air,1700,Medium ?,136 mm,LA E14360,",Eyewear,Eyeglasses,Brands,Lenskart Air",with 1 Year Warranty & 14 Day Return,1102
217210,17,17,Crystal Full Rim Wayfarer,https://www.lenskart.com/lenskart-hustlr-lh-e16985-N-c5-eyeglasses.html,Lenskart Hustlr,1700,Narrow ?,134 mm,LH E16985-N,",Eyewear,Eyeglasses,Brands,Lenskart HUSTLR",with 1 Year Warranty & 14 Day Return,1183
140453,8,8,Grey Full Rim Round,https://www.lenskart.com/vincent-chase-vc-s11164-c7-full-rim-round-stainless-steel-stainless-steel-sunglasses.html,Vincent Chase Polarized,2000,Narrow ?,135 mm,VC S11164,",Eyewear,Sunglasses,Brands,Vincent Chase",with 1 year warranty,1293
201615,20,10,Transparent Full Rim Rectangle,https://www.lenskart.com/vincent-chase-vc-e14972-c2-eyeglasses.html,Vincent Chase,1700,Medium ?,136 mm,VC E14972,",Eyewear,Eyeglasses,Brands,Vincent Chase",with 1 Year Warranty & 14 Day Return,1100
7555,8,8,Renu Fresh Contact Lens Solution 120 ml,https://www.lenskart.com/renu-fresh-lens-solution-120-ml.html,Bausch & Lomb,260,null,null,Renu Fresh Contact Lens Solution 120 ml,",Eyewear,Contact Lenses,Most Popular Lenses",null,178
200380,40,13,Gold Full Rim Aviator,https://www.lenskart.com/vincent-chase-vc-s11075-c12-sunglasses.html,Vincent Chase Polarized,1500,Medium ?,138 mm,VC S11075,",Eyewear,Sunglasses,Brands,Vincent Chase",with 1 year warranty,1042
204540,4,4,Black Full Rim Wayfarer,https://www.lenskart.com/vincent-chase-vc-s14459-c7-sunglasses.html,Vincent Chase Polarized,1500,Wide ?,142 mm,VC S14459,",Eyewear,Sunglasses,Brands,Vincent Chase",with 1 year warranty,1015
212878,2,2,Gold Full Rim Cat Eye,https://www.lenskart.com/vincent-chase-vc-e16460-c2-eyeglasses.html,Vincent Chase,1700,Medium ?,137 mm,VC E16460,",Eyewear",with 1 Year Warranty & 14 Day Return,1035
208801,12,12,Aquacolor Premium Naughty Brown Powered Monthly,https://www.lenskart.com/aquacolor-aquacolor-premium-naughty-brown-color-cl-1lens-box.html,null,299,null,null,Aquacolor Premium Naughty Brown Powered Monthly,",Eyewear,Contact Lenses,Top Lens Brands,Aqualens Contact Lens,Aqualens color contact lenses",null,190
151492,53,11,Blue Block Screen Glasses: Gold Brown Full Rim Aviator Lenskart Blu LB E14521-C2,https://www.lenskart.com/lenskart-blu-lb-e14521-c2-eyeglasses.html,Lenskart Blu,2000,Narrow ?,133 mm,LB E14521,",Eyewear,Eyeglasses,Brands,Lenskart Blu",null,1283
209224,1,1,Black Full Rim Rectangle,https://www.lenskart.com/vincent-chase-vc-e11801-c13-eyeglasses.html,Vincent Chase,1700,Narrow ?,130 mm,VC E11801,",Eyewear,Eyeglasses,Brands,Vincent Chase",with 1 Year Warranty & 14 Day Return,1074
146809,30,8,Black Full Rim Rectangle,https://www.lenskart.com/lenskar-air-la-e11478-c1-eyeglasses.html,Lenskart Air,1700,Narrow ?,131 mm,LA E11478,",Eyewear,Eyeglasses,Brands,Lenskart Air",with 1 Year Warranty & 14 Day Return,1165
215915,18,9,Gunmetal Grey Half Rim Square,https://www.lenskart.com/lenskart-air-la-e16728-c1-eyeglasses.html,Lenskart Air,1700,Wide ?,138 mm,LA E16728,",Eyewear,Eyeglasses,Brands,Lenskart Air",with 1 Year Warranty & 14 Day Return,1077
137709,7,7,Matte Black Silver Full Rim Clubmaster,https://www.lenskart.com/vincent-chase-vc-s12973-c1-sunglasses.html,Vincent Chase Polarized,2000,Wide ?,142 mm,VC S12973,",Eyewear,Sunglasses,Brands,Vincent Chase",with 1 year warranty,1297
210611,20,20,Black Full Rim Wayfarer,https://www.lenskart.com/vincent-chase-vc-s15999-c1-sunglasses.html,Lenskart Hustlr,2000,Medium ?,141 mm,VC S15999,",Eyewear,Sunglasses,Brands,Lenskart STUDIO",with 1 year warranty,1247
152987,21,7,Blue Full Rim Rectangle,https://www.lenskart.com/lenskart-air-la-e14736-m-c2-eyeglasses.html,Lenskart Air,1700,Medium ?,136 mm,LA E14736M,",Eyewear,Eyeglasses,Brands,Lenskart Air",with 1 Year Warranty & 14 Day Return,1126
151158,2,2,Matte Green Full Rim Clubmaster,https://www.lenskart.com/vincent-chase-vc-s14482-c5-sunglasses.html,Vincent Chase Polarized,2000,Medium ?,140 mm,VC S14482,",Eyewear,Sunglasses,Brands,Vincent Chase",with 1 year warranty,1332
146021,36,12,Grey Transparent Full Rim Square,https://www.lenskart.com/lenskart-air-la-e13519-c4-eyeglasses.html,Lenskart Air,1700,Extra Wide ?,144 mm,LA E13519,",Eyewear,Eyeglasses,Brands,Lenskart Air",with 1 Year Warranty & 14 Day Return,1098
212971,10,10,Blue Sky Blue Full Rim Wayfarer,https://www.lenskart.com/lenskart-hustlr-la-e15417-s-c1-eyeglasses.html,Lenskart Hustlr,1700,Narrow ?,134 mm,LA E15417-N,",Eyewear,Brands",with 1 Year Warranty & 14 Day Return,1151
213247,3,3,Silver Rimless Round,https://www.lenskart.com/vincent-chase-vc-s16543-c1-sunglasses.html,Vincent Chase,1500,Medium ?,137 mm,VC S16543,",Eyewear,Sunglasses,Brands,Vincent Chase",with 1 year warranty,1046
112775,66,13,Bausch & Lomb Soflens Toric Monthly Disposable,https://www.lenskart.com/soflens-toric-1-lensesbox-bausch-lomb-N.html,null,349,null,null,Bausch & Lomb Soflens Toric Monthly Disposable,",Eyewear,Contact Lenses,Top Lens Brands,Bausch &amp; Lomb Contact Lenses",null,243
38760,36,9,Bausch & Lomb iConnect Monthly Disposable,https://www.lenskart.com/bausch-lomb-iconnect-3-lens-box.html,null,299,null,null,Bausch & Lomb iConnect Monthly Disposable,",Eyewear,Contact Lenses,Top Lens Brands",null,207
212719,14,7,Blue Full Rim Cat Eye,https://www.lenskart.com/lenskart-air-la-e16434-c1-eyeglasses.html,Lenskart Air,1700,Medium ?,135 mm,LA E16434,",Eyewear,Eyeglasses,Brands,Lenskart Air",with 1 Year Warranty & 14 Day Return,1093
210633,16,8,Gunmetal Full Rim Square,https://www.lenskart.com/vincent-chase-vc-e16006-c1-eyeglasses.html,Vincent Chase,1700,Wide ?,138 mm,VC E16038,",Eyewear,Eyeglasses,Brands,Vincent Chase",with 1 Year Warranty & 14 Day Return,1030
129277,31,10,Acuvue Moist Toric Daily Disposable 10Hrs,https://www.lenskart.com/johnson-johnson-acuvue-moist-for-astigmatism-30-lens-box.html,null,1995,null,null,Acuvue Moist Toric Daily Disposable 10Hrs,",Eyewear,Contact Lenses,Top Lens Brands,Johnson &amp;amp; Johnson Lenses",null,1198
134738,7,7,Black Full Rim Square,https://www.lenskart.com/vincent-chase-vc-e12392-c1-eyeglasses.html,Vincent Chase,1700,Extra Wide ?,142 mm,VC E12392,",Eyewear,Eyeglasses,Brands,Vincent Chase",with 1 Year Warranty & 14 Day Return,1066
150882,3,3,Black Full Rim Aviator,https://www.lenskart.com/john-jacobs-jj-e14418-c1-eyeglasses.html,John Jacobs,3500,Extra Wide ?,143 mm,JJ E14418,",Eyewear,Eyeglasses,Brands,John Jacobs",with 1 Year Warranty & 14 Day Return,2414
206272,6,6,Silver Grey Full Rim Rectangle,https://www.lenskart.com/vincent-chase-vc-e15349-c3-eyeglasses.html,Vincent Chase,1700,Medium ?,137 mm,VC E15349,",Eyewear,Eyeglasses,Brands,Vincent Chase",with 1 Year Warranty & 14 Day Return,1143
206036,12,12,Transparent Blue Full Rim Square,https://www.lenskart.com/lenskart-air-la-e15303-c2-eyeglasses.html,Lenskart Air,1700,Medium ?,134 mm,LA E15303,",Eyewear,Eyeglasses,Brands,Lenskart Air",with 1 Year Warranty & 14 Day Return,1149
148327,20,20,Transparent Full Rim Rectangle,https://www.lenskart.com/lenskart-air-la-e14016-c1-eyeglasses.html,Lenskart Air,1700,Wide ?,139 mm,LA E14016,",Eyewear,Eyeglasses,Brands,Lenskart Air",with 1 Year Warranty & 14 Day Return,1151
131411,9,5,Black Full Rim Hexagonal,https://www.lenskart.com/black-gunmetal-full-rim-hexagon-small-size-50-john-jacobs-supreme-steel-jj-e11675-c2-eyeglasses.html,John Jacobs,5000,Medium ?,135 mm,JJ E11675,",Eyewear,Eyeglasses,Brands,John Jacobs",with 1 Year Warranty & 14 Day Return,3271
212869,27,14,Black Full Rim Square,https://www.lenskart.com/vincent-chase-vc-e16456-c1-eyeglasses.html,Vincent Chase,1700,Wide ?,138 mm,VC E16456,",Eyewear,Eyeglasses,Brands,Vincent Chase",with 1 Year Warranty & 14 Day Return,1120
201558,38,19,Grey Black Full Rim Rectangle,https://www.lenskart.com/lenskart-air-la-e13776-c3-eyeglasses.html,Lenskart Air,1700,Medium ?,135 mm,LA E13776,",Eyewear,Eyeglasses,Brands,Lenskart Air",with 1 Year Warranty & 14 Day Return,1167
201103,37,19,Gold Black Full Rim Square,https://www.lenskart.com/vincent-chase-vc-e14938-c1-eyeglasses.html,Vincent Chase,1700,Wide ?,139 mm,VC E14938,",Eyewear,Eyeglasses,Brands,Vincent Chase",with 1 Year Warranty & 14 Day Return,1023
209228,13,13,Black Grey Full Rim Rectangle,https://www.lenskart.com/vincent-chase-vc-e-13445-c7-eyeglasses.html,Vincent Chase,1700,Narrow ?,130 mm,VC E13445,",Eyewear,Eyeglasses,Brands,Vincent Chase",with 1 Year Warranty & 14 Day Return,1129
213031,12,12,Aqualens Daily Disposable 24Hrs,https://www.lenskart.com/aqualens24h-dly-dspoble-cntct-lense-5-new-lense.html,null,249,null,null,Aqualens Daily Disposable 24Hrs,null,null,174
201083,34,11,Gold Grey Full Rim Cat Eye,https://www.lenskart.com/vincent-chase-vc-e14931-c2-eyeglasses.html,Vincent Chase,1700,Medium ?,136 mm,VC E14931,",Eyewear,Eyeglasses,Brands,Vincent Chase",with 1 Year Warranty & 14 Day Return,1151
151322,24,12,Aquacolor Premium Dusk Blue Zero Power Monthly,https://www.lenskart.com/aquacolor-premium-dusk-blue-contact-lenses-2-lens-box.html,null,299,null,null,Aquacolor Premium Dusk Blue Zero Power Monthly,null,null,205
211601,2,2,Silver Full Rim Square,https://www.lenskart.com/lenskart-air-la-e16204-c1-eyeglasses.html,Lenskart Air,3000,Medium ?,137 mm,LA E16204,",Eyewear,Eyeglasses,Brands,Lenskart Air",with 1 Year Warranty & 14 Day Return,1956
215311,22,11,Blue Transparent Full Rim Square,https://www.lenskart.com/vincent-chase-vc-e16606-c1-eyeglasses.html,Vincent Chase,1700,Wide ?,139 mm,VC E16606,",Eyewear,Eyeglasses,Brands,Vincent Chase",with 1 Year Warranty & 14 Day Return,1080
215460,31,16,Brown Transparent Full Rim Cat Eye,https://www.lenskart.com/vincent-chase-vc-s16663-c1-sunglasses.html,Vincent Chase Polarized,2000,Medium ?,136 mm,VC S16663,",Eyewear,Sunglasses,Brands,Vincent Chase",with 1 year warranty,1331
208804,33,11,Aquacolor Premium Dusky Brown Powered Monthly,https://www.lenskart.com/aquacolor-aquacolor-premium-dusky-brown-color-cl-1lens-box-plano.html,null,299,null,null,Aquacolor Premium Dusky Brown Powered Monthly,",Eyewear,Contact Lenses,Top Lens Brands,Aqualens Contact Lens,Aqualens color contact lenses",null,204
151703,49,12,Grey Transparent Full Rim Square,https://www.lenskart.com/lenskart-air-la-e14573-c1-eyeglasses.html,Lenskart Air,1700,Medium ?,136 mm,LA E14573,",Eyewear,Eyeglasses,Brands,Lenskart Air",with 1 Year Warranty & 14 Day Return,1027
128552,17,17,Brown Tortoise Full Rim Round,https://www.lenskart.com/vincent-chase-vc-e11262-c2-eyeglasses.html,Vincent Chase,1700,Narrow ?,132 mm,VC E11262,",Eyewear,Eyeglasses,Brands,Vincent Chase",with 1 Year Warranty & 14 Day Return,1169
38721,33,17,Bausch & Lomb Soflens Toric Monthly Disposable,https://www.lenskart.com/soflens-toric-6-lensesbox-bausch-lomb-W.html,null,1799,null,null,Bausch & Lomb Soflens Toric Monthly Disposable,",Eyewear,Contact Lenses,Top Lens Brands,Bausch &amp; Lomb Contact Lenses",null,1247
217208,11,11,Sapphire Full Rim Wayfarer,https://www.lenskart.com/lenskart-hustlr-lh-e16985-N-c3-eyeglasses.html,Lenskart Hustlr,1700,Narrow ?,134 mm,LH E16985-N,",Eyewear,Eyeglasses,Brands,Lenskart HUSTLR",with 1 Year Warranty & 14 Day Return,1054
211282,14,7,Grey Transparent Full Rim Rectangle,https://www.lenskart.com/john-jacobs-jj-e16146-c2-eyeglasses.html,John Jacobs,3500,Wide ?,139 mm,JJ E16146,",Eyewear,Eyeglasses,Brands,John Jacobs",with 1 Year Warranty & 14 Day Return,2447
207370,12,12,Black Full Rim Geometric,https://www.lenskart.com/vincent-chase-vc-e15478-c2-eyeglasses.html,Vincent Chase,1700,Medium ?,135 mm,VC E15478,",Eyewear,Eyeglasses,Brands,Vincent Chase",with 1 Year Warranty & 14 Day Return,1115
112985,27,9,Alcon Freshlook Gray Powered Bi-Weekly,https://www.lenskart.com/freshlook-colorblends-gray-color-lenses-2-lens-per-box-alcon.html,null,699,null,null,Alcon Freshlook Gray Powered Bi-Weekly,",Eyewear,Contact Lenses,Top Lens Brands,Alcon Contact Lenses",null,467
153145,22,7,Aquacolor Premium Gray Powered Monthly,https://www.lenskart.com/aquacolor-premium-gray-color-contact-lenses-1-lens-box.html,null,299,null,null,Aquacolor Premium Gray Powered Monthly,",Eyewear,Contact Lenses,Top Lens Brands,Aqualens Contact Lens,Aqualens color contact lenses",null,192
210274,7,7,Black Full Rim Rectangle,https://www.lenskart.com/vincent-chase-vc-e11260-c13-eyeglasses.html,Vincent Chase,1700,Medium ?,135 mm,VC E11260,",Eyewear,Eyeglasses,Brands,Vincent Chase",with 1 Year Warranty & 14 Day Return,1187
212879,1,1,Rose Gold Full Rim Geometric,https://www.lenskart.com/vincent-chase-vc-e16461-c1-eyeglasses.html,Vincent Chase,1700,Medium ?,135 mm,VC E16461,",Eyewear",with 1 Year Warranty & 14 Day Return,1161
149046,81,14,Acuvue Moist Daily Disposable with BC 8.5 10Hrs,https://www.lenskart.com/johnson-johnson-moist-acuvue-10-lenses-box.html,null,449,null,null,Acuvue Moist Daily Disposable with BC 8.5 10Hrs,",Eyewear,Contact Lenses,Top Lens Brands,Johnson &amp;amp; Johnson Lenses",null,285
149604,29,15,Gold Black Full Rim Geometric,https://www.lenskart.com/vincent-chase-vc-e14210-c1-eyeglasses.html,Vincent Chase,1700,Wide ?,140 mm,VC E14210,",Eyewear,Eyeglasses,Brands,Vincent Chase",with 1 Year Warranty & 14 Day Return,1091
147285,15,15,Black Full Rim Rectangle,https://www.lenskart.com/lenskart-air-la-e11481-full-rim-rectangle-ultem-c1-eyeglasses.html,Lenskart Air,1700,Narrow ?,133 mm,LA E11481,",Eyewear,Eyeglasses,Brands,Lenskart Air",with 1 Year Warranty & 14 Day Return,1139
147284,17,17,Black Yellow Brown Wooden Full Rim Rectangle,https://www.lenskart.com/blue-balck-green-solid-full-rim-rectangle-lenskart-air-clip-on-la-e11413-c4-eyeglasses.html,Lenskart Air,3000,Extra Wide ?,143 mm,LA E11413,",Eyewear,Eyeglasses,Brands,Lenskart Air",with 1 Year Warranty & 14 Day Return,2053
215769,10,10,Blue Transparent Full Rim Rectangle,https://www.lenskart.com/vincent-chase-vc-e16692-c2-eyeglasses.html,Vincent Chase,1700,Extra Narrow ?,129 mm,VC E16692,",Eyewear,Eyeglasses,Brands,Vincent Chase",with 1 Year Warranty & 14 Day Return,1122
153142,24,12,Aquacolor Premium Tricky Turquoise Powered Monthly,https://www.lenskart.com/aquacolor-premium-turquoise-color-contact-lenses-1-lens-box.html,null,299,null,null,Aquacolor Premium Tricky Turquoise Powered Monthly,",Eyewear,Contact Lenses,Top Lens Brands,Aqualens Contact Lens,Aqualens color contact lenses",null,185
145983,20,10,Matte Dark Blue Full Rim Rectangle,https://www.lenskart.com/lenskart-air-la-e11412-n-full-rim-rectangle-clip-on-c5-eyeglasses.html,Lenskart Air,3000,Extra Wide ?,142 mm,LA E11412-N,",Eyewear,Eyeglasses,Brands,Lenskart Air",with 1 Year Warranty & 14 Day Return,2027
206047,16,16,Blue Transparent Full Rim Square,https://www.lenskart.com/lenskart-air-la-e15308-c1-eyeglasses.html,Lenskart Air,1700,Wide ?,139 mm,LA E15308,",Eyewear,Eyeglasses,Brands,Lenskart Air",with 1 Year Warranty & 14 Day Return,1086
215914,46,12,Black Grey Half Rim Rectangle,https://www.lenskart.com/lenskart-air-la-e16727-c2-eyeglasses.html,Lenskart Air,1700,Medium ?,135 mm,LA E16727,",Eyewear,Eyeglasses,Brands,Lenskart Air",with 1 Year Warranty & 14 Day Return,1104
201410,14,14,Gunmetal Green Full Rim Square,https://www.lenskart.com/john-jacobs-jj-e13105-c9-eyeglasses.html,John Jacobs,5000,Wide ?,138 mm,JJ E13105,",Eyewear,Eyeglasses,Brands,John Jacobs",with 1 Year Warranty & 14 Day Return,3135
201622,4,4,Grey Transparent Full Rim Rectangle,https://www.lenskart.com/vincent-chase-vc-e14974-c3-eyeglasses.html,Vincent Chase,1700,Extra Narrow ?,128 mm,VC E14974,",Eyewear,Eyeglasses,Brands,Vincent Chase",with 1 Year Warranty & 14 Day Return,1032
146521,7,7,Matte Black Gunmetal Full Rim Rectangle,https://www.lenskart.com/vincent-chase-vc-e13757-c1-eyeglasses.html,Vincent Chase,1700,Medium ?,134 mm,VC E13757,",Eyewear,Eyeglasses,Brands,Vincent Chase",with 1 Year Warranty & 14 Day Return,1078
212873,3,3,Black Full Rim Square,https://www.lenskart.com/vincent-chase-vc-e16458-c1-eyeglasses.html,Vincent Chase,1700,Wide ?,138 mm,VC E16458,",Eyewear,Eyeglasses,Brands,Vincent Chase",with 1 Year Warranty & 14 Day Return,1140
38749,11,11,Bausch & Lomb Purevision2 HD Monthly Disposable,https://www.lenskart.com/bausch-lomb-purevision2-hd-contact-lenses-6-lens-per-box.html,null,1649,null,null,Bausch & Lomb Purevision2 HD Monthly Disposable,",Eyewear,Contact Lenses,Top Lens Brands,Bausch &amp; Lomb Contact Lenses",null,1147
215406,20,20,Grey Transparent Full Rim Rectangle,https://www.lenskart.com/lenskart-air-la-e16641-c1-eyeglasses.html,Lenskart Air,1700,Medium ?,136 mm,LA E16641,",Eyewear,Eyeglasses,Brands,Lenskart Air Online",with 1 Year Warranty & 14 Day Return,1096
215972,2,2,Black Tortoise Full Rim Round,https://www.lenskart.com/vincent-chase-vc-s16750-c2-sunglasses.html,Vincent Chase Polarized,2000,Wide ?,143 mm,VC S16750,",Eyewear,Sunglasses,Brands,Vincent Chase",with 1 year warranty,1353
204821,2,2,Black Full Rim Aviator,https://www.lenskart.com/vincent-chase-vc-5158/p-l1-sunglasses.html,Vincent Chase Polarized,1500,Wide ?,141 mm,VC 5158/P,",Eyewear,Sunglasses,Brands,Vincent Chase",with 1 year warranty,939
206266,26,7,Blue Gunmetal Full Rim Aviator,https://www.lenskart.com/vincent-chase-vc-e15347-c1-eyeglasses.html,Vincent Chase,1700,Medium ?,137 mm,VC E15347,",Eyewear,Eyeglasses,Brands,Vincent Chase",with 1 Year Warranty & 14 Day Return,1190
211519,16,8,Gold Rimless Geometric,https://www.lenskart.com/vincent-chase-vc-e16195-c1-eyeglasses.html,Vincent Chase,1700,Medium ?,136 mm,VC E16195,",Eyewear,Eyeglasses,Brands,Vincent Chase",with 1 Year Warranty & 14 Day Return,1021
215326,14,14,Blue Full Rim Rectangle,https://www.lenskart.com/vincent-chase-vc-e16612-c3-eyeglasses.html,Vincent Chase,1700,Wide ?,139 mm,VC E16612,",Eyewear,Eyeglasses,Brands,Vincent Chase",with 1 Year Warranty & 14 Day Return,1084
215911,12,12,Silver Pink Half Rim Cat Eye,https://www.lenskart.com/lenskart-air-la-e16726-c1-eyeglasses.html,Lenskart Air,1700,Narrow ?,133 mm,LA E16726,",Eyewear,Eyeglasses,Brands,Lenskart Air",with 1 Year Warranty & 14 Day Return,1066
153141,83,12,Aquacolor Premium Emerald Powered Monthly,https://www.lenskart.com/aquacolor-premium-emerald-color-contact-lenses-1-lens-box.html,null,299,null,null,Aquacolor Premium Emerald Powered Monthly,",Eyewear,Contact Lenses,Top Lens Brands,Aqualens Contact Lens,Aqualens color contact lenses",null,189
210182,2,2,Blue Full Rim Rectangle,https://www.lenskart.com/lenskart-air-la-e13776-c5-eyeglasses.html,Lenskart Air,1700,Medium ?,135 mm,LA E13776,",Eyewear,Eyeglasses,Brands,Lenskart Air",with 1 Year Warranty & 14 Day Return,1029
210631,4,4,Black Full Rim Square,https://www.lenskart.com/vincent-chase-vc-e16004-c1-eyeglasses.html,Vincent Chase,1700,Medium ?,137 mm,VC E16036,",Eyewear,Eyeglasses,Brands,Vincent Chase",with 1 Year Warranty & 14 Day Return,1168
148200,8,8,Acuvue Vita Toric Monthly Disposable 10Hrs,https://www.lenskart.com/johnson-johnson-acuvue-vita-for-astigmatism-6-lens-box.html,null,2049,null,null,Acuvue Vita Toric Monthly Disposable 10Hrs,null,null,1375
38726,33,8,Bausch & Lomb Optima 38 Yearly Disposable,https://www.lenskart.com/optima-38-daily-wear-lens-1-lens-per-box-bausch-lomb.html,null,780,null,null,Bausch & Lomb Optima 38 Yearly Disposable,",Eyewear,Contact Lenses,Top Lens Brands,Bausch &amp; Lomb Contact Lenses",null,496
211943,13,13,Blue Transparent Full Rim Square,https://www.lenskart.com/lenskart-air-la-e16240-c1-eyeglasses.html,Lenskart Air,1700,Medium ?,136 mm,LA E16240,",Eyewear,Eyeglasses,Brands,Lenskart Air",with 1 Year Warranty & 14 Day Return,1089
215417,16,16,Brown Transparent Full Rim Rectangle,https://www.lenskart.com/lenskart-air-la-e16646-c2-eyeglasses.html,Lenskart Air,1700,Wide ?,139 mm,LA E16646,",Eyewear,Eyeglasses,Brands,Lenskart Air Online",with 1 Year Warranty & 14 Day Return,1111
146020,18,18,Transparent Blue Full Rim Square,https://www.lenskart.com/lenskart-air-la-e13519-c3-eyeglasses.html,Lenskart Air,1700,Extra Wide ?,144 mm,LA E13519,",Eyewear,Eyeglasses,Brands,Lenskart Air",with 1 Year Warranty & 14 Day Return,1107
200719,39,20,Blue Rimless Rectangle,https://www.lenskart.com/lenskart-air-la-e14858-c1-eyeglasses.html,Lenskart Air,1700,Medium ?,135 mm,LA E14858,",Eyewear,Eyeglasses,Brands,Lenskart Air",with 1 Year Warranty & 14 Day Return,1188
206994,4,4,Aquacolor Premium Dusky Brown Zero Power Monthly,https://www.lenskart.com/aquacolor-premium-dusky-brown-color-contact-lenses-2lp.html,null,299,null,null,Aquacolor Premium Dusky Brown Zero Power Monthly,",Eyewear,Contact Lenses,Top Lens Brands,Aqualens Contact Lens",null,195
207626,54,11,Bausch & Lomb iConnect Daily Disposable,https://www.lenskart.com/bausch-lomb-icont-daily-disposable-cl-30lp.html,null,849,null,null,Bausch & Lomb iConnect Daily Disposable,null,null,564
215324,50,17,Transparent Full Rim Rectangle,https://www.lenskart.com/vincent-chase-vc-e16612-c1-eyeglasses.html,Vincent Chase,1700,Wide ?,139 mm,VC E16612,",Eyewear,Eyeglasses,Brands,Vincent Chase",with 1 Year Warranty & 14 Day Return,1041
213357,4,4,Silver Transparent Full Rim Aviator,https://www.lenskart.com/lenskart-air-la-e16566-c2-eyeglasses.html,Lenskart Air,1700,Medium ?,134 mm,LA E16566,",Eyewear,Eyeglasses,Brands,Lenskart Air",with 1 Year Warranty & 14 Day Return,1155
143018,11,11,Matte Black Half Rim Rectangle,https://www.lenskart.com/vincent-chase-vc-e13400-c1-eyeglasses.html,Vincent Chase,1700,Narrow ?,130 mm,VC E13400,",Eyewear,Eyeglasses,Brands,Vincent Chase",with 1 Year Warranty & 14 Day Return,1079
146622,18,18,Matte Gunmetal Full Rim Geometric,https://www.lenskart.com/vincent-chase-vc-e13787-c2-eyeglasses.html,Vincent Chase,1700,Medium ?,136 mm,VC E13787,",Eyewear,Eyeglasses,Brands,Vincent Chase",with 1 Year Warranty & 14 Day Return,1108
131500,51,13,Blue Full Rim Square,https://www.lenskart.com/vincent-chase-vc-e11797-c3-eyeglasses.html,Vincent Chase,1700,Medium ?,134 mm,VC E11797,",Eyewear,Eyeglasses,Brands,Vincent Chase",with 1 Year Warranty & 14 Day Return,1180
215907,38,10,Gunmetal Blue Half Rim Rectangle,https://www.lenskart.com/lenskart-air-la-e16724-c1-eyeglasses.html,Lenskart Air,1700,Wide ?,140 mm,LA E16724,",Eyewear,Eyeglasses,Brands,Lenskart Air",with 1 Year Warranty & 14 Day Return,1127
150630,22,7,Copper Full Rim Geometric,https://www.lenskart.com/vincent-chase-vc-e13788-c3-eyeglasses.html,Vincent Chase,1700,Narrow ?,131 mm,VC E13788,",Eyewear,Eyeglasses,Brands,Vincent Chase",with 1 Year Warranty & 14 Day Return,1158
147957,14,7,Black Full Rim Aviator,https://www.lenskart.com/vincent-chase-vc-e13046-m-c2-full-rim-aviator-eyeglasses.html,Vincent Chase,1700,Medium ?,134 mm,VC E13046-M,",Eyewear,Eyeglasses,Brands,Vincent Chase",with 1 Year Warranty & 14 Day Return,1108
215951,5,5,Gunmetal Grey Full Rim Aviator,https://www.lenskart.com/vincent-chase-vc-s16734-c2-sunglasses.html,Vincent Chase,2000,Narrow ?,135 mm,VC S16734,",Eyewear,Sunglasses,Brands,Vincent Chase",with 1 year warranty,1313
208952,12,12,Jade Green Full Rim Wayfarer,https://www.lenskart.com/lenskart-hustlr-la-e15417-c16-eyeglasses.html,Lenskart Hustlr,1700,Medium ?,139 mm,LA E15417-W,",Eyewear,Brands",with 1 Year Warranty & 14 Day Return,1085
148911,4,4,Silver Full Rim Rectangle/ Square,https://www.lenskart.com/vincent-chase-vc-s14078-c2-c2-sunglasses.html,Vincent Chase Polarized,2000,Medium ?,137 mm,VC S14078,",Eyewear,Sunglasses,Brands,Vincent Chase",with 1 year warranty,1235
211293,20,10,Black Full Rim Square,https://www.lenskart.com/lenskart-air-la-e13069/w-c1-eyeglasses.html,Lenskart Air,1700,Wide ?,140 mm,LA E13069-W,",Eyewear,Eyeglasses,Brands,Lenskart Air Online",with 1 Year Warranty & 14 Day Return,1029
215768,20,20,Grey Transparent Full Rim Rectangle,https://www.lenskart.com/vincent-chase-vc-e16692-c1-eyeglasses.html,Vincent Chase,1700,Extra Narrow ?,129 mm,VC E16692,",Eyewear,Eyeglasses,Brands,Vincent Chase",with 1 Year Warranty & 14 Day Return,1110
143906,42,11,Blue Block Screen Glasses: Blue Full Rim Square Lenskart Blu LB E13526-C4,https://www.lenskart.com/vincent-chase-vc-e13526-c4-eyeglasses.html,Lenskart Blu,1500,Medium ?,135 mm,LB E13526,",Eyewear,Eyeglasses,Brands,Lenskart Blu",null,1023
145980,20,20,Matte Dark Blue Full Rim Rectangle,https://www.lenskart.com/lenskart-air-la-e11411-n-full-rim-rectangle-clip-on-c2-eyeglasses.html,Lenskart Air,3000,Narrow ?,132 mm,LA E11411-N,",Eyewear,Eyeglasses,Brands,Lenskart Air",with 1 Year Warranty & 14 Day Return,2010
140628,6,6,Black Full Rim Wayfarer,https://www.lenskart.com/john-jacobs-jj-s13311-c3-sunglasses.html,John Jacobs,5000,Extra Wide ?,142 mm,JJ S13311,",Eyewear,Sunglasses,Brands,John Jacobs",with 1 year warranty,3480
149966,16,16,Blue Full Rim Wayfarer,https://www.lenskart.com/hooper-hp-e10086-c2-eyeglasses.html,Hooper,1000,8-12 yrs ?,125 mm,HP E10086,",Eyewear,Eyeglasses,Brands,Hooper",with 1 Year Warranty & 14 Day Return,673
215926,9,9,Navy Full Rim Wayfarer,https://www.lenskart.com/lenskart-la-e15417-n-c28-eyeglasses.html,Lenskart Hustlr,1700,Narrow ?,134 mm,LA E15417-N,",Eyewear,Eyeglasses,Brands,Lenskart HUSTLR",with 1 Year Warranty & 14 Day Return,1069
211918,12,12,Grey Full Rim Square,https://www.lenskart.com/vincent-chase-vc-e16228-c1-eyeglasses.html,Vincent Chase,1700,Medium ?,136 mm,VC E16228,",Eyewear,Eyeglasses,Brands,Vincent Chase",with 1 Year Warranty & 14 Day Return,1028
148023,9,5,Black Full Rim Rectangle/ Square,https://www.lenskart.com/vincent-chase-vc-s13969-c1-sunglasses.html,Vincent Chase Polarized,2000,Extra Wide ?,147 mm,VC S13969,",Eyewear,Sunglasses,Brands,Vincent Chase",with 1 year warranty,1244
142834,14,14,Gunmetal Black Half Rim Rectangle,https://www.lenskart.com/vincent-chase-vc-e11891-c3-eyeglasses.html,Vincent Chase,1700,Medium ?,134 mm,VC E11891,",Eyewear,Eyeglasses,Brands,Vincent Chase",with 1 Year Warranty & 14 Day Return,1169
215407,1,1,Blue Transparent Full Rim Rectangle,https://www.lenskart.com/lenskart-air-la-e16641-c2-eyeglasses.html,Lenskart Air,1700,Medium ?,136 mm,LA E16641,",Eyewear,Eyeglasses,Brands,Lenskart Air Online",with 1 Year Warranty & 14 Day Return,1076
211920,8,8,Blue Transparent Full Rim Geometric,https://www.lenskart.com/vincent-chase-vc-e16233-c1-eyeglasses.html,Vincent Chase,1700,Medium ?,134 mm,VC E16233,",Eyewear,Eyeglasses,Brands,Vincent Chase",with 1 Year Warranty & 14 Day Return,1163
215415,36,18,Blue Transparent Full Rim Round,https://www.lenskart.com/lenskart-air-la-e16645-c2-eyeglasses.html,Lenskart Air,1700,Extra Narrow ?,127 mm,LA E16645,",Eyewear,Eyeglasses,Brands,Lenskart Air Online",with 1 Year Warranty & 14 Day Return,1144
217825,49,16,Aquacolor Candypack Mystery Brown Daily,https://www.lenskart.com/aqua-color-candy-pack-2-len.html,null,169,null,null,Aquacolor Candypack Mystery Brown Daily,null,null,106
148914,11,11,Black Full Rim Cat Eye,https://www.lenskart.com/black-blue-full-rim-cat-eye-vincent-chase-polarized-premium-vc-s14079-c-5-polarized-sunglasses.html,Vincent Chase Polarized,2000,Medium ?,139 mm,VC S14079,",Eyewear,Sunglasses,Brands,Vincent Chase",with 1 year warranty,1349
215369,15,15,Blue Half Rim Rectangle,https://www.lenskart.com/vincent-chase-vc-e16652-c2-eyeglasses.html,Vincent Chase,1700,Medium ?,135 mm,VC E16652,",Eyewear,Eyeglasses,Brands,Vincent Chase",with 1 Year Warranty & 14 Day Return,1125
151325,82,9,Aquacolor Premium Emerald Zero Power Monthly,https://www.lenskart.com/aquacolor-premium-emerald-contact-lenses-2-lens-box.html,null,299,null,null,Aquacolor Premium Emerald Zero Power Monthly,null,null,201
150854,28,14,Black Full Rim Rectangle,https://www.lenskart.com/john-jacobs-jj-e14409-c2-eyeglasses.html,John Jacobs,3500,Medium ?,134 mm,JJ E14409,",Eyewear,Eyeglasses,Brands,John Jacobs",with 1 Year Warranty & 14 Day Return,2398
150581,45,15,Grey Transparent Full Rim Square,https://www.lenskart.com/lenskart-air-la-e14362-c1-eyeglasses.html,Lenskart Air,1700,Wide ?,140 mm,LA E14362,",Eyewear,Eyeglasses,Brands,Lenskart Air",with 1 Year Warranty & 14 Day Return,1073
149930,19,10,Aquacolor Candypack Submarine Blue Zero Power Daily,https://www.lenskart.com/aquacolor-submarine-blue-candy-pack-color-lenses-2-lens-box-plano.html,null,169,null,null,Aquacolor Candypack Submarine Blue Zero Power Daily,null,null,111
211284,15,15,Black Full Rim Rectangle,https://www.lenskart.com/john-jacobs-jj-e16146-c4-eyeglasses.html,John Jacobs,3500,Wide ?,139 mm,JJ E16146,",Eyewear,Eyeglasses,Brands,John Jacobs",with 1 Year Warranty & 14 Day Return,2234
209749,16,16,Green Transparent Full Rim Rectangle,https://www.lenskart.com/lenskart-air-la-e15844-c3-eyeglasses.html,Lenskart Air,1700,Wide ?,138 mm,LA E15844,",Eyewear,Eyeglasses,Brands,Lenskart Air",with 1 Year Warranty & 14 Day Return,1106
208182,21,11,Black Full Rim Wayfarer,https://www.lenskart.com/john-jacobs-jj-s15574-c1-sunglasses.html,John Jacobs,6000,Extra Wide ?,144 mm,JJ S15574,",Eyewear,Sunglasses,Brands,John Jacobs",with 1 year warranty,4012
38720,8,4,Bausch & Lomb Soflens Daily Disposable,https://www.lenskart.com/soflens-daily-disposable-30-lens-per-box-bausch-lomb.html,null,1499,null,null,Bausch & Lomb Soflens Daily Disposable,",Eyewear,Contact Lenses,Top Lens Brands,Bausch &amp; Lomb Contact Lenses",null,933
115802,16,16,Aqualens Comfort Contact lens Solution 360ML,https://www.lenskart.com/aqualens-comfort-contact-lens-solution-360-ml.html,Aqualens,299,null,null,Aqualens Comfort Contact Lens Solution 360 ml,",Eyewear,Contact Lenses,Top Lens Brands,Aqualens Contact Lens",null,186
211283,14,7,Grey Transparent Full Rim Rectangle,https://www.lenskart.com/john-jacobs-jj-e16146-c3-eyeglasses.html,John Jacobs,3500,Wide ?,139 mm,JJ E16146,",Eyewear,Eyeglasses,Brands,John Jacobs",with 1 Year Warranty & 14 Day Return,2255
146817,14,14,Brown Tortoise Full Rim Cat Eye,https://www.lenskart.com/lenskar-air-la-e11484-c2-eyeglasses.html,Lenskart Air,1700,Extra Narrow ?,128 mm,LA E11484,",Eyewear,Eyeglasses,Brands,Lenskart Air",with 1 Year Warranty & 14 Day Return,1132
209230,1,1,Blue Grey Full Rim Rectangle,https://www.lenskart.com/vincent-chase-vc-e13453-c5-eyeglasses.html,Vincent Chase,1700,Medium ?,135 mm,VC E13453,",Eyewear,Eyeglasses,Brands,Vincent Chase",with 1 Year Warranty & 14 Day Return,1139
145512,29,10,Black Full Rim Rectangle,https://www.lenskart.com/vincent-chase-vc-e13624-full-rim-square-metal-steel-escobar-c3-eyeglasses.html,Vincent Chase,1700,Wide ?,140 mm,VC E13624,",Eyewear,Eyeglasses,Brands,Vincent Chase",with 1 Year Warranty & 14 Day Return,1172
149929,43,11,Aquacolor Candypack Stormy Gray Zero Power Daily,https://www.lenskart.com/aquacolor-stormy-gray-candy-pack-color-lenses-2-lens-box-plano.html,null,169,null,null,Aquacolor Candypack Stormy Gray Zero Power Daily,null,null,102
215402,8,4,Grey Transparent Full Rim Square,https://www.lenskart.com/lenskart-air-la-e16639-c2-eyeglasses.html,Lenskart Air,1700,Medium ?,136 mm,LA E16639,",Eyewear,Eyeglasses,Brands,Lenskart Air Online",with 1 Year Warranty & 14 Day Return,1098
208966,26,13,Blue Block Phone Computer Glasses: Grey Full Rim Wayfarer Lenskart HUSTLR LB E14058-W C39,https://www.lenskart.com/lenskart-hustlr-lb-e14058-H-c39-eyeglasses.html,Lenskart Hustlr,1700,Medium ?,139 mm,LB E14058-W,",Eyewear,Eyeglasses,Brands,Lenskart HUSTLR",null,1065
134745,16,8,Black Full Rim Rectangle,https://www.lenskart.com/vincent-chase-vc-e12395-c1-eyeglasses.html,Vincent Chase,1700,Wide ?,138 mm,VC E12395,",Eyewear,Eyeglasses,Brands,Vincent Chase",with 1 Year Warranty & 14 Day Return,1151
213359,10,10,Silver Transparent Full Rim Cat Eye,https://www.lenskart.com/lenskart-air-la-e16567-c2-eyeglasses.html,Lenskart Air,1700,Extra Narrow ?,129 mm,LA E16567,",Eyewear,Eyeglasses,Brands,Lenskart Air",with 1 Year Warranty & 14 Day Return,1152
140655,11,11,Gunmetal Half Rim Rectangle,https://www.lenskart.com/john-jacobs-jj-e10199-c9-eyeglasses.html,John Jacobs,5000,Narrow ?,133 mm,JJ E10199,",Eyewear,Eyeglasses,Brands,John Jacobs",with 1 Year Warranty & 14 Day Return,3155
215451,21,11,Brown Transparent Full Rim Cat Eye,https://www.lenskart.com/vincent-chase-vc-s16660-c1-sunglasses.html,Vincent Chase Polarized,2000,Medium ?,139 mm,VC S16660,",Eyewear,Sunglasses,Brands,Vincent Chase",with 1 year warranty,1220
148908,7,7,Gold Full Rim Geometric,https://www.lenskart.com/vincent-chase-vc-s14077-c3-c3-sunglasses.html,Vincent Chase Polarized,2000,Narrow ?,133 mm,VC S14077,",Eyewear,Sunglasses,Brands,Vincent Chase",with 1 year warranty,1376
151049,13,13,Matte Black Full Rim Wayfarer,https://www.lenskart.com/vincent-chase-vc-s14457-c3-sunglasses.html,Vincent Chase,2000,Wide ?,142 mm,VC S14457,",Eyewear,Sunglasses,Brands,Vincent Chase",with 1 year warranty,1381
136177,17,17,Transparent Full Rim Rectangle,https://www.lenskart.com/transparent-tortoise-full-rim-square-medium-size-52-john-jacobs-rich-acetate-jj-e11820-c4-eyeglasses.html,John Jacobs,3500,Medium ?,137 mm,JJ E11820,",Eyewear,Eyeglasses,Brands,John Jacobs",with 1 Year Warranty & 14 Day Return,2204
151048,29,15,Matte Black Full Rim Wayfarer,https://www.lenskart.com/vincent-chase-vc-s14457-c2-sunglasses.html,Vincent Chase,2000,Wide ?,142 mm,VC S14457,",Eyewear,Sunglasses,Brands,Vincent Chase",with 1 year warranty,1393
142523,2,2,Transparent Full Rim Rectangle,https://www.lenskart.com/john-jacobs-jj-e13346-c1-eyeglasses.html,John Jacobs,3500,Wide ?,139 mm,JJ E13346,",Eyewear,Eyeglasses,Brands,John Jacobs",with 1 Year Warranty & 14 Day Return,2328
150985,18,9,Blue Half Rim Rectangle,https://www.lenskart.com/vincent-chase-vc-e14440-c3-eyeglasses.html,Vincent Chase,1700,Extra Narrow ?,129 mm,VC E14440,",Eyewear,Eyeglasses,Brands,Vincent Chase",with 1 Year Warranty & 14 Day Return,1158
200234,11,11,Black Half Rim Rectangle,https://www.lenskart.com/lenskart-air-la-e14802-c2-eyeglasses.html,Lenskart Air,1700,Wide ?,140 mm,LA E14802,",Eyewear,Eyeglasses,Brands,Lenskart Air",with 1 Year Warranty & 14 Day Return,1140
153143,32,8,Aquacolor Premium Dusk Blue Powered Monthly,https://www.lenskart.com/aquacolor-premium-dusk-blue-color-contact-lenses-1-lens-box.html,null,299,null,null,Aquacolor Premium Dusk Blue Powered Monthly,",Eyewear,Contact Lenses,Top Lens Brands,Aqualens Contact Lens,Aqualens color contact lenses",null,200
200552,41,14,Transparent Full Rim Square,https://www.lenskart.com/lenskart-air-la-e14832-c2-eyeglasses.html,Lenskart Air,1700,Extra Wide ?,142 mm,LA E14832,",Eyewear,Eyeglasses,Brands,Lenskart Air",with 1 Year Warranty & 14 Day Return,1038
215371,13,7,Purple Half Rim Cat Eye,https://www.lenskart.com/vincent-chase-vc-e16653-c2-eyeglasses.html,Vincent Chase,1700,Narrow ?,132 mm,VC E16653,",Eyewear,Eyeglasses,Brands,Vincent Chase",with 1 Year Warranty & 14 Day Return,1141
148331,13,13,Grey Transparent Full Rim Square,https://www.lenskart.com/lenskart-air-la-e14017-c2-eyeglasses.html,Lenskart Air,1700,Wide ?,139 mm,LA E14017,",Eyewear,Eyeglasses,Brands,Lenskart Air",with 1 Year Warranty & 14 Day Return,1163
150551,8,8,Tortoise Full Rim Square,https://www.lenskart.com/lenskart-air-la-e11821-c5-eyeglasses.html,Lenskart Air,1700,Wide ?,138 mm,LA E11821,",Eyewear,Eyeglasses,Brands,Lenskart Air",with 1 Year Warranty & 14 Day Return,1116
217207,1,1,Olive Full Rim Wayfarer,https://www.lenskart.com/lenskart-hustlr-lh-e16985-N-c2-eyeglasses.html,Lenskart Hustlr,1700,Narrow ?,134 mm,LH E16985-N,",Eyewear,Eyeglasses,Brands,Lenskart HUSTLR",with 1 Year Warranty & 14 Day Return,1028
123656,15,5,Aqualens Spectacle Lens Cleaner Bottle 100 ml,https://www.lenskart.com/aqualens-lens-spray-100-ml.html,Aqualens,110,null,null,Aqualens Spectacle Lens Cleaner Bottle 100 ml,null,null,76
214471,13,13,White Full Rim Wayfarer,https://www.lenskart.com/vincent-chase-vc-s16614-c1-sunglasses.html,Vincent Chase,2000,Wide ?,145 mm,VC S16614,",Eyewear",with 1 year warranty,1244
209767,17,17,Grey Transparent Full Rim Rectangle,https://www.lenskart.com/lenskart-air-la-e15849-c2-eyeglasses.html,Lenskart Air,3000,Medium ?,137 mm,LA E15849,",Eyewear,Eyeglasses,Brands,Lenskart Air",with 1 Year Warranty & 14 Day Return,1838
139109,40,13,Blue Black Full Rim Square,https://www.lenskart.com/blue-black-full-rim-square-medium-size-53-vincent-chase-hd-acetate-vc-e11797-c3-colored-lens-tinted-eyeglasses.html,Vincent Chase Online,1700,Medium ?,134 mm,VC E11797,",Eyewear,Eyeglasses,Brands,Vincent Chase",null,1112
148937,15,15,Gold Full Rim Round,https://www.lenskart.com/vincent-chase-vc-s14084-c4-c4-sunglasses.html,Vincent Chase Polarized,2000,Narrow ?,131 mm,VC S14084,",Eyewear,Sunglasses,Brands,Vincent Chase",with 1 year warranty,1222
201389,33,17,Gold Black Full Rim Square,https://www.lenskart.com/john-jacobs-jj-e11540-c7-eyeglasses.html,John Jacobs,5000,Medium ?,137 mm,JJ E11540,",Eyewear,Eyeglasses,Brands,John Jacobs",with 1 Year Warranty & 14 Day Return,3370
38724,22,11,Bausch & Lomb Yearly Disposable Wear Conventional,https://www.lenskart.com/b4-bausch-lomb-daily-wear-conventional-lens-1-lens-per-box.html,null,799,null,null,Bausch & Lomb Yearly Disposable Wear Conventional,",Eyewear,Contact Lenses,Top Lens Brands,Bausch &amp; Lomb Contact Lenses",null,520
201281,26,9,Transparent Full Rim Geometric,https://www.lenskart.com/lenskart-air-la-e14961-c2-eyeglasses.html,Lenskart Air,1700,Narrow ?,132 mm,LA E14961,",Eyewear,Eyeglasses,Brands,Lenskart Air",with 1 Year Warranty & 14 Day Return,1086
38755,11,11,Alcon Air Optix Plus Toric Monthly Disposable 24Hrs,https://www.lenskart.com/air-optix-for-astigmatism-3-lensbox.html,null,1149,null,null,Alcon Air Optix Plus Toric Monthly Disposable 24Hrs,",Eyewear,Contact Lenses,Top Lens Brands",null,700
206722,14,14,Light Sky Blue Transparent Full Rim Square,https://www.lenskart.com/lenskart-air-la-e15389-c2-eyeglasses.html,Lenskart Air,1700,Wide ?,138 mm,LA E15389,",Eyewear,Eyeglasses,Brands,Lenskart Air",with 1 Year Warranty & 14 Day Return,1147
147511,17,9,Fog-Resist Lens Cleaner - 30 ML,https://www.lenskart.com/anti-fog-resist-cleaner-30-ml.html,Aqualens,100,null,null,Fog-Resist Lens Cleaner 30 ml,null,null,63
145998,4,4,Full Rim Cat Eye,https://www.lenskart.com/lenskart-air-la-e11824-full-rim-hexagonal-tr90-c1-eyeglasses.html,Lenskart Air,1700,Medium ?,135 mm,LA E11824,",Eyewear,Eyeglasses,Brands,Lenskart Air",with 1 Year Warranty & 14 Day Return,1107
206992,30,10,Aquacolor Premium Flirty Blue Zero Power Monthly,https://www.lenskart.com/aquacolor-premium-flirt31-blue-color-contact-lenses-2lp.html,null,299,null,null,Aquacolor Premium Flirty Blue Zero Power Monthly,",Eyewear,Contact Lenses,Top Lens Brands,Aqualens Contact Lens",null,199
150862,20,10,Black Full Rim Rectangle,https://www.lenskart.com/john-jacobs-jj-e14411-c1-eyeglasses.html,John Jacobs,3500,Medium ?,138 mm,JJ E14411,",Eyewear,Eyeglasses,Brands,John Jacobs",with 1 Year Warranty & 14 Day Return,2413
215363,14,7,Blue Half Rim Rectangle,https://www.lenskart.com/vincent-chase-vc-e16649-c3-eyeglasses.html,Vincent Chase,1700,Medium ?,136 mm,VC E16649,",Eyewear,Eyeglasses,Brands,Vincent Chase",with 1 Year Warranty & 14 Day Return,1104
148906,28,9,Silver Full Rim Geometric,https://www.lenskart.com/vincent-chase-vc-s14077-c1-c1-sunglasses.html,Vincent Chase Polarized,2000,Narrow ?,133 mm,VC S14077,",Eyewear,Sunglasses,Brands,Vincent Chase",with 1 year warranty,1388
201631,6,6,Transparent Full Rim Geometric,https://www.lenskart.com/vincent-chase-vc-e14977-c3-eyeglasses.html,Vincent Chase,1700,Narrow ?,133 mm,VC E14977,",Eyewear,Eyeglasses,Brands,Vincent Chase",with 1 Year Warranty & 14 Day Return,1162
148201,7,4,Acuvue Vita Monthly Disposable with BC 8.4,https://www.lenskart.com/johnson-johnson-acuvue-vita-contact-len-6-lenses.html,null,1795,null,null,Acuvue Vita Monthly Disposable with BC 8.4,null,null,1217
148700,43,11,Aqualens 24Hrs NXT Monthly Disposable,https://www.lenskart.com/aqualens-nxt-one-lens-trial-pack.html,null,299,null,null,Aqualens 24Hrs NXT Monthly Disposable,null,null,199
144127,14,14,Aqualens 24Hrs NXT Monthly Disposable,https://www.lenskart.com/aqualens-24-h-nxt-monthly-disposable-contact-lens-3-lens-box.html,null,799,null,null,Aqualens 24Hrs NXT Monthly Disposable,null,null,503
206133,47,12,Purple Transparent Full Rim Cat Eye,https://www.lenskart.com/lenskart-air-la-e15322-c1-eyeglasses.html,Lenskart Air Online,3000,Medium ?,134 mm,LA E15322,",Eyewear,Eyeglasses,Brands,Lenskart Air",with 1 Year Warranty & 14 Day Return,2065
201612,26,7,Brown Transparent Full Rim Round,https://www.lenskart.com/vincent-chase-vc-e14971-c2-eyeglasses.html,Vincent Chase,1700,Medium ?,137 mm,VC E14971,",Eyewear,Eyeglasses,Brands,Vincent Chase",with 1 Year Warranty & 14 Day Return,1142
146619,17,17,Gold Full Rim Geometric,https://www.lenskart.com/vincent-chase-vc-e13786-c1-eyeglasses.html,Vincent Chase,1700,Narrow ?,132 mm,VC E13786,",Eyewear,Eyeglasses,Brands,Vincent Chase",with 1 Year Warranty & 14 Day Return,1125
215389,12,12,Light Green Transparent Full Rim Geometric,https://www.lenskart.com/vincent-chase-vc-e16665-c2-eyeglasses.html,Vincent Chase,1700,Medium ?,137 mm,VC E16665,",Eyewear,Eyeglasses,Brands,Vincent Chase",with 1 Year Warranty & 14 Day Return,1040
146818,9,9,Black Full Rim Cat Eye,https://www.lenskart.com/lenskar-air-la-e11484-c1-eyeglasses.html,Lenskart Air,1700,Extra Narrow ?,128 mm,LA E11484,",Eyewear,Eyeglasses,Brands,Lenskart Air",with 1 Year Warranty & 14 Day Return,1149
148701,61,12,Aqualens 24Hrs NXT Toric Monthly Disposable,https://www.lenskart.com/aqualens-24h-toric-contact-lens-one-lens-trail-pack.html,null,366,null,null,Aqualens 24Hrs NXT Toric Monthly Disposable,null,null,226
146816,4,4,Black Full Rim Aviator,https://www.lenskart.com/lenskar-air-la-e11483-c1-eyeglasses.html,Lenskart Air,1700,Medium ?,134 mm,LA E11483,",Eyewear,Eyeglasses,Brands,Lenskart Air",with 1 Year Warranty & 14 Day Return,1155
142833,41,10,Matte Black Half Rim Cat Eye,https://www.lenskart.com/vincent-chase-vc-e11860-c5-eyeglasses.html,Vincent Chase,1700,Medium ?,134 mm,VC E11860,",Eyewear,Eyeglasses,Brands,Vincent Chase",with 1 Year Warranty & 14 Day Return,1091
145694,33,17,Grey Transparent Full Rim Rectangle,https://www.lenskart.com/lenskart-air-la-e13643-c1-eyeglasses.html,Lenskart Air,1700,Wide ?,140 mm,LA E13643,",Eyewear,Eyeglasses,Brands,Lenskart Air",with 1 Year Warranty & 14 Day Return,1174
215378,4,4,Silver Full Rim Geometric,https://www.lenskart.com/vincent-chase-vc-e16656-c2-eyeglasses.html,Vincent Chase,1700,Narrow ?,133 mm,VC E16656,",Eyewear,Eyeglasses,Brands,Vincent Chase",with 1 Year Warranty & 14 Day Return,1029
211527,10,10,Blue Half Rim Rectangle,https://www.lenskart.com/vincent-chase-vc-e16199-c2-eyeglasses.html,Vincent Chase,1700,Wide ?,140 mm,VC E16199,",Eyewear,Eyeglasses,Brands,Vincent Chase",with 1 Year Warranty & 14 Day Return,1107
218601,13,7,Aquacolor Candypack Envy Green Zero Power Daily,https://www.lenskart.com/aquacolor-candypack-envy-green-zero-power-daily.html,null,169,null,null,Aquacolor Candypack Envy Green Zero Power Daily,null,null,117
212737,7,7,Black Full Rim Rectangle,https://www.lenskart.com/john-jacobs-jj-e16436-c3-eyeglasses.html,John Jacobs,5000,Medium ?,137 mm,JJ E16436,",Eyewear,Eyeglasses,Brands,John Jacobs",with 1 Year Warranty & 14 Day Return,3316
215762,25,8,Black Grey Full Rim Rectangle,https://www.lenskart.com/vincent-chase-vc-e16689-c2-eyeglasses.html,Vincent Chase,1700,Narrow ?,133 mm,VC E16689,",Eyewear,Eyeglasses,Brands,Vincent Chase",with 1 Year Warranty & 14 Day Return,1184
215421,14,14,Black Full Rim Round,https://www.lenskart.com/lenskart-air-la-e16648-c1-eyeglasses.html,Lenskart Air,1700,Narrow ?,132 mm,LA E16648,",Eyewear,Eyeglasses,Brands,Lenskart Air Online",with 1 Year Warranty & 14 Day Return,1060
204186,20,20,Transparent Full Rim Rectangle,https://www.lenskart.com/lenskart-air-la-e15019-c3-eyeglasses.html,Lenskart Air,1700,Medium ?,137 mm,LA E15019,",Eyewear,Eyeglasses,Brands,Lenskart Air",with 1 Year Warranty & 14 Day Return,1132
148524,20,10,Black Full Rim Rectangle,https://www.lenskart.com/vincent-chase-vc-e14039-c1-eyeglasses.html,Vincent Chase,1700,Wide ?,139 mm,VC E14039,",Eyewear,Eyeglasses,Brands,Vincent Chase",with 1 Year Warranty & 14 Day Return,1094
153146,15,8,Aquacolor Premium Silver Gray Powered Monthly,https://www.lenskart.com/aquacolor-premium-silver-gray-color-contact-lenses-1-lens-box.html,null,299,null,null,Aquacolor Premium Silver Gray Powered Monthly,",Eyewear,Contact Lenses,Top Lens Brands,Aqualens Contact Lens,Aqualens color contact lenses",null,202
215412,21,11,Brown Transparent Full Rim Round,https://www.lenskart.com/lenskart-air-la-e16644-c1-eyeglasses.html,Lenskart Air,1700,Narrow ?,133 mm,LA E16644,",Eyewear,Eyeglasses,Brands,Lenskart Air Online",with 1 Year Warranty & 14 Day Return,1161
151326,10,5,Aquacolor Premium Tricky Turquoise Zero Power Monthly,https://www.lenskart.com/aquacolor-premium-turquoise-contact-lenses-2-lens-box.html,null,299,null,null,Aquacolor Premium Tricky Turquoise Zero Power Monthly,null,null,180
204833,2,2,Tortoise Full Rim Wayfarer,https://www.lenskart.com/vincent-chase-vc-s11113-l2-sunglasses.html,Vincent Chase Polarized,2000,Wide ?,142 mm,VC S11113,",Eyewear,Sunglasses,Brands,Vincent Chase",with 1 year warranty,1224
149931,45,6,Aquacolor Candypack Walnut Brown Zero Power Daily,https://www.lenskart.com/aquacolor-walnut-brown-candy-pack-color-lenses-2-lens-box-plano.html,null,169,null,null,Aquacolor Candypack Walnut Brown Zero Power Daily,null,null,109
138002,22,7,Black Full Rim Aviator,https://www.lenskart.com/vincent-chase-vc-e13046-c3-eyeglasses.html,Vincent Chase,1700,Wide ?,140 mm,VC E13046,",Eyewear,Eyeglasses,Brands,Vincent Chase",with 1 Year Warranty & 14 Day Return,1096
206775,7,4,Brown Tortoise Full Rim Geometric,https://www.lenskart.com/vincent-chase-vc-s15408-c2-sunglasses.html,Vincent Chase Polarized,2000,Narrow ?,135 mm,VC S15408,",Eyewear,Sunglasses,Brands,Vincent Chase",with 1 year warranty,1226
204183,6,6,Transparent Full Rim Round,https://www.lenskart.com/lenskart-air-la-e15018-c3-eyeglasses.html,Lenskart Air,1700,Narrow ?,133 mm,LA E15018,",Eyewear,Eyeglasses,Brands,Lenskart Air",with 1 Year Warranty & 14 Day Return,1049
148215,37,19,Black Silver Full Rim Rectangle,https://www.lenskart.com/john-jacobs-john-jacobs-jj-s13991-full-rim-c3-sunglasses.html,John Jacobs,6000,Extra Wide ?,144 mm,JJ S13991,",Eyewear,Sunglasses,Brands,John Jacobs",with 1 year warranty,4067
146814,20,20,Brown Tortoise Full Rim Round,https://www.lenskart.com/lenskar-air-la-e11482-c2-eyeglasses.html,Lenskart Air,1700,Narrow ?,131 mm,LA E11482,",Eyewear,Eyeglasses,Brands,Lenskart Air",with 1 Year Warranty & 14 Day Return,1069
210632,32,16,Silver Full Rim Aviator,https://www.lenskart.com/vincent-chase-vc-e16005-c1-eyeglasses.html,Vincent Chase,1700,Extra Wide ?,143 mm,VC E16037,",Eyewear,Eyeglasses,Brands,Vincent Chase",with 1 Year Warranty & 14 Day Return,1040
139760,19,19,Grey Full Rim Wayfarer,https://www.lenskart.com/john-jacobs-jj-s13227-c1-sunglasses.html,John Jacobs,5000,Medium ?,137 mm,JJ S13227,",Eyewear,Sunglasses,Brands,John Jacobs",with 1 year warranty,3286
146850,9,9,Transparent Full Rim Round,https://www.lenskart.com/lenskar-air-la-e12709-c2-eyeglasses.html,Lenskart Air,1700,Wide ?,140 mm,LA E12709,",Eyewear,Eyeglasses,Brands,Lenskart Air",with 1 Year Warranty & 14 Day Return,1125
213355,18,18,Gold Brown Full Rim Rectangle,https://www.lenskart.com/lenskart-air-la-e16565-c3-eyeglasses.html,Lenskart Air,1700,Narrow ?,133 mm,LA E16565,",Eyewear,Eyeglasses,Brands,Lenskart Air",with 1 Year Warranty & 14 Day Return,1096
148488,11,4,Black Gold Full Rim Round,https://www.lenskart.com/vincent-chase-vc-e14035-c2-eyeglasses.html,Vincent Chase,1700,Narrow ?,130 mm,VC E14035,",Eyewear,Eyeglasses,Brands,Vincent Chase",with 1 Year Warranty & 14 Day Return,1087
211603,7,7,Gold Full Rim Round,https://www.lenskart.com/lenskart-air-la-e16205-c1-eyeglasses.html,Lenskart Air,3000,Narrow ?,132 mm,LA E16205,",Eyewear,Eyeglasses,Brands,Lenskart Air",with 1 Year Warranty & 14 Day Return,1952
212336,13,7,Black Grey Full Rim Round,https://www.lenskart.com/lenskart-air-la-e16351-c3-eyeglasses.html,Lenskart Air,1700,Medium,136 mm,LA E16351,",Eyewear,Eyeglasses,Brands,Lenskart Air",with 1 Year Warranty & 14 Day Return,1057
201287,10,5,Transparent Full Rim Round,https://www.lenskart.com/lenskart-air-la-e14963-c2-eyeglasses.html,Lenskart Air,1700,Medium ?,136 mm,LA E14963,",Eyewear,Eyeglasses,Brands,Lenskart Air",with 1 Year Warranty & 14 Day Return,1164
38745,52,17,Bausch & Lomb Purevision 2 Astigmatism Monthly Disposable,https://www.lenskart.com/bausch-lomb-purevision-2-astigmatism-6-lensesbox.html,null,2299,null,null,Bausch & Lomb Purevision 2 Astigmatism Monthly Disposable,",Eyewear,Contact Lenses,Top Lens Brands,Bausch &amp; Lomb Contact Lenses",null,1548
149058,29,15,Blue Transparent Full Rim Square,https://www.lenskart.com/vincent-chase-vc-e14105-c2-c2-eyeglasses.html,Vincent Chase,1700,Extra Wide ?,142 mm,VC E14105,",Eyewear,Eyeglasses,Brands,Vincent Chase",with 1 Year Warranty & 14 Day Return,1089
211194,18,18,Black Full Rim Rectangle,https://www.lenskart.com/john-jacobs-jj-e16117-c1-eyeglasses.html,John Jacobs,3500,Extra Wide ?,142 mm,JJ E16117,",Eyewear,Eyeglasses,Brands,John Jacobs",with 1 Year Warranty & 14 Day Return,2394
209223,11,11,Black Full Rim Rectangle,https://www.lenskart.com/vincent-chase-vc-e11260-s-c12-eyeglasses.html,Vincent Chase,1700,Narrow ?,132 mm,VC E11260-S,",Eyewear,Eyeglasses,Brands,Vincent Chase",with 1 Year Warranty & 14 Day Return,1169
146846,13,13,Matte Grey Full Rim Square,https://www.lenskart.com/lenskar-air-la-e12489-c2-eyeglasses.html,Lenskart Air,1700,Wide ?,141 mm,LA E12489,",Eyewear,Eyeglasses,Brands,Lenskart Air",with 1 Year Warranty & 14 Day Return,1095
135213,8,8,Gunmetal Silver Full Rim Square,https://www.lenskart.com/john-jacobs-full-rim-aviator-jj-s12504-c1-sunglasses.html,John Jacobs,5000,Wide ?,138 mm,JJ S12504,",Eyewear,Sunglasses,Brands,John Jacobs",with 1 year warranty,3047
204541,30,10,Matte Black Full Rim Wayfarer,https://www.lenskart.com/vincent-chase-vc-s14461-c5-sunglasses.html,Vincent Chase Polarized,2000,Wide ?,142 mm,VC S14461,",Eyewear,Sunglasses,Brands,Vincent Chase",with 1 year warranty,1383
213364,35,18,Gunmetal Transparent Full Rim Square,https://www.lenskart.com/lenskart-air-la-e16569-c1-eyeglasses.html,Lenskart Air,1700,Narrow ?,133 mm,LA E16569,",Eyewear,Eyeglasses,Brands,Lenskart Air",with 1 Year Warranty & 14 Day Return,1171
207689,15,15,Black Transparent Full Rim Square,https://www.lenskart.com/lenskart-lk-e15511-c1-eyeglasses.html,Lenskart STUDIO,1700,Medium ?,136 mm,LK E15511,",Eyewear,Eyeglasses,Brands,Lenskart STUDIO",with 1 Year Warranty & 14 Day Return,1053
213119,15,8,Gold Full Rim Rectangle,https://www.lenskart.com/lenskart-airr-la-e16496-cc3-eyeglasses.html,Lenskart Air,3000,Wide ?,138 mm,LA E16496,",Eyewear,Eyeglasses,Brands,Lenskart Air",with 1 Year Warranty & 14 Day Return,2082
112983,10,5,Alcon Freshlook Brown Powered Bi-Weekly,https://www.lenskart.com/freshlook-colorblends-brown-color-lenses-2-lens-per-box-alcon.html,null,699,null,null,Alcon Freshlook Brown Powered Bi-Weekly,",Eyewear,Contact Lenses,Top Lens Brands,Alcon Contact Lenses",null,422
149408,15,8,Gold Rimless Rectangle,https://www.lenskart.com/john-jacobs-jj-e10399-c4-eyeglasses.html,John Jacobs,5000,Wide ?,138 mm,JJ E10399,",Eyewear,Eyeglasses,Brands,John Jacobs",with 1 Year Warranty & 14 Day Return,3368
150562,26,9,Black Full Rim Square,https://www.lenskart.com/lenskart-air-la-e12489-c6-eyeglasses.html,Lenskart Air,1700,Wide ?,140 mm,LA E12489,",Eyewear,Eyeglasses,Brands,Lenskart Air",with 1 Year Warranty & 14 Day Return,1163
205711,18,18,Aqualens Monthly Disposable 10Hrs,https://www.lenskart.com/aqualens-10h-monthly-zz-dispos-2lp-cl.html,null,219,null,null,Aqualens Monthly Disposable 10Hrs,null,null,138
150636,16,16,Copper Brown Full Rim Rectangle,https://www.lenskart.com/vincent-chase-vc-e13757-c3-eyeglasses.html,Vincent Chase,1700,Medium ?,134 mm,VC E13757,",Eyewear,Eyeglasses,Brands,Vincent Chase",with 1 Year Warranty & 14 Day Return,1097
38716,22,11,Acuvue Moist Daily Disposable with BC 8.5 10Hrs,https://www.lenskart.com/johnson-johnson-moist-acuvue-30-lenses-box-new.html,null,1895,null,null,Acuvue Moist Daily Disposable with BC 8.5 10Hrs,",Eyewear,Contact Lenses,Top Lens Brands,Johnson &amp;amp; Johnson Lenses",null,1159
210271,5,5,Pink Transparent Full Rim Rectangle,https://www.lenskart.com/vincent-chase-vc-e13447-c6-eyeglasses.html,Vincent Chase,1700,Extra Narrow ?,136 mm,VC E13447,",Eyewear,Eyeglasses,Brands,Vincent Chase",with 1 Year Warranty & 14 Day Return,1029
135440,15,15,Gunmetal Black Rimless Rectangle,https://www.lenskart.com/john-jacobs-rimless-jj-e12610-c3-eyeglasses.html,John Jacobs,3500,Medium ?,134 mm,JJ E12610,",Eyewear,Eyeglasses,Brands,John Jacobs",with 1 Year Warranty & 14 Day Return,2292
217022,31,16,Grey Full Rim Square,https://www.lenskart.com/vincent-chase-ls-e15666-c6-eyeglasses.html,Lenskart STUDIO,1700,Medium ?,137 mm,LS E15666,",Eyewear,Eyeglasses,Brands,Lenskart STUDIO",with 1 Year Warranty & 14 Day Return,1159
201320,18,9,Blue Full Rim Round,https://www.lenskart.com/vincent-chase-vc-e14035-c5-eyeglasses.html,Vincent Chase,1700,Narrow ?,130 mm,VC E14035,",Eyewear,Eyeglasses,Brands,Vincent Chase",with 1 Year Warranty & 14 Day Return,1101
213371,43,11,Black Grey Full Rim Geometric,https://www.lenskart.com/lenskart-air-la-e16572-c2-eyeglasses.html,Lenskart Air,1700,Medium ?,136 mm,LA E16572,",Eyewear,Eyeglasses,Brands,Lenskart Air",with 1 Year Warranty & 14 Day Return,1111
206125,1,1,Black Green Full Rim Square,https://www.lenskart.com/lenskart-air-la-e15318-c2-eyeglasses.html,Lenskart Air,3000,Wide ?,138 mm,LA E15318,",Eyewear,Eyeglasses,Brands,Lenskart Air",with 1 Year Warranty & 14 Day Return,1840
135218,22,11,Aqualens Toric Monthly Disposable 24Hrs,https://www.lenskart.com/aqualens-24h-toric-contact-lens-3-lens-box.html,null,999,null,null,Aqualens Toric Monthly Disposable 24Hrs,null,null,602
216521,1,1,Ocean Blue Full Rim Wayfarer,https://www.lenskart.com/lenskart-hustlr-la-e15415-c1-eyeglasses.html,Lenskart Hustlr,1700,Medium ?,139 mm,LA E15417-W,",Eyewear,Eyeglasses,Brands,Lenskart HUSTLR",with 1 Year Warranty & 14 Day Return,1085
38723,10,10,Bausch & Lomb Soflens 59 Monthly Disposable,https://www.lenskart.com/soflens-59-6-lens-per-box-bausch-lomb.html,null,1099,null,null,Bausch & Lomb Soflens 59 Monthly Disposable,",Eyewear,Contact Lenses,Top Lens Brands,Bausch &amp; Lomb Contact Lenses",null,711
213370,4,4,Gold Transparent Full Rim Geometric,https://www.lenskart.com/lenskart-air-la-e16572-c1-eyeglasses.html,Lenskart Air,1700,Medium ?,136 mm,LA E16572,",Eyewear,Eyeglasses,Brands,Lenskart Air",with 1 Year Warranty & 14 Day Return,1109
149928,28,14,Aquacolor Candypack Spicy Gray Zero Power Daily,https://www.lenskart.com/aquacolor-spicy-grey-n-candy-pack-color-lenses-2-lens-box-plano.html,null,169,null,null,Aquacolor Candypack Spicy Gray Zero Power Daily,null,null,103
150583,4,4,Black Full Rim Square,https://www.lenskart.com/lenskart-air-la-e14362-c3-eyeglasses.html,Lenskart Air,1700,Wide ?,140 mm,LA E14362,",Eyewear,Eyeglasses,Brands,Lenskart Air",with 1 Year Warranty & 14 Day Return,1157
201101,20,10,Gunmetal Silver Full Rim Rectangle,https://www.lenskart.com/vincent-chase-vc-e14937-c2-eyeglasses.html,Vincent Chase,1700,Wide ?,139 mm,VC E14937,",Eyewear,Eyeglasses,Brands,Vincent Chase",with 1 Year Warranty & 14 Day Return,1063
209756,2,2,Black Full Rim Rectangle,https://www.lenskart.com/lenskart-air-la-e15846-c2-eyeglasses.html,Lenskart Air,1700,Wide ?,139 mm,LA E15846,",Eyewear,Eyeglasses,Brands,Lenskart Air",with 1 Year Warranty & 14 Day Return,1099
212877,7,7,Black Full Rim Cat Eye,https://www.lenskart.com/vincent-chase-vc-e16460-c1-eyeglasses.html,Vincent Chase,1700,Medium ?,137 mm,VC E16460,",Eyewear",with 1 Year Warranty & 14 Day Return,1064
149598,5,5,Green Gunmetal Full Rim Rectangle,https://www.lenskart.com/vincent-chase-vc-e14207-c3-eyeglasses.html,Vincent Chase,1700,Medium ?,135 mm,VC E14207,",Eyewear,Eyeglasses,Brands,Vincent Chase",with 1 Year Warranty & 14 Day Return,1104
142524,4,4,Black Full Rim Rectangle,https://www.lenskart.com/john-jacobs-jj-e13346-c2-eyeglasses.html,John Jacobs,3500,Wide ?,139 mm,JJ E13346,",Eyewear,Eyeglasses,Brands,John Jacobs",with 1 Year Warranty & 14 Day Return,2268
205131,11,11,Grey Transparent Full Rim Square,https://www.lenskart.com/vincent-chase-vc-e13499-c6-eyeglasses.html,Vincent Chase,1700,Medium ?,137 mm,VC E13499,",Eyewear,Eyeglasses,Brands,Vincent Chase",with 1 Year Warranty & 14 Day Return,1046
215327,20,20,Grey Transparent Full Rim Rectangle,https://www.lenskart.com/vincent-chase-vc-e16613-c1-eyeglasses.html,Vincent Chase,1700,Extra Narrow ?,145 mm,VC E16613,",Eyewear,Eyeglasses,Brands,Vincent Chase",with 1 Year Warranty & 14 Day Return,1061
215374,13,13,Light Blue Full Rim Round,https://www.lenskart.com/vincent-chase-vc-e16654-c2-eyeglasses.html,Vincent Chase,1700,Medium ?,136 mm,VC E16654,",Eyewear,Eyeglasses,Brands,Vincent Chase",with 1 Year Warranty & 14 Day Return,1096
213351,18,18,Silver Transparent Full Rim Rectangle,https://www.lenskart.com/lenskart-air-la-e16564-c1-eyeglasses.html,Lenskart Air,1700,Extra Narrow ?,129 mm,LA E16564,",Eyewear,Eyeglasses,Brands,Lenskart Air",with 1 Year Warranty & 14 Day Return,1065
148702,7,7,Blue Block Phone Computer Glasses: Dark Night Full Rim Wayfarer Lenskart HUSTLR LB E14058-W C1,https://www.lenskart.com/lenskart-hustlr-lb-e14058-c1-eyeglasses.html,Lenskart Hustlr,1700,Medium ?,139 mm,LB E14058-W,",Eyewear,Eyeglasses,Brands,Lenskart HUSTLR",null,1174
145567,10,10,Black Gold Full Rim Geometric,https://www.lenskart.com/vincent-chase-vc-e13634-full-rim-rectangle-metal-steel-escobar-c1-eyeglasses.html,Vincent Chase,1700,Medium ?,135 mm,VC E13634,",Eyewear,Eyeglasses,Brands,Vincent Chase",with 1 Year Warranty & 14 Day Return,1143
211314,8,4,Pink Transparent Full Rim Geometric,https://www.lenskart.com/vincent-chase-vc-e13451-m-c1-eyeglasses.html,Vincent Chase,1700,Medium ?,137 mm,VC E13451-M,",Eyewear,Eyeglasses,Brands,Vincent Chase",with 1 Year Warranty & 14 Day Return,1051
210234,20,20,Black Full Rim Wayfarer,https://www.lenskart.com/john-jacobs-jj-s15906-c1-sunglasses.html,John Jacobs,6000,Medium ?,136 mm,JJ S15906,",Eyewear,Sunglasses,Brands,John Jacobs",with 1 year warranty,4001
204823,13,13,Black Full Rim Aviator,https://www.lenskart.com/vincent-chase-vc-5158/p-l3-sunglasses.html,Vincent Chase Polarized,1500,Wide ?,141 mm,VC 5158/P,",Eyewear,Sunglasses,Brands,Vincent Chase",with 1 year warranty,1012
134538,10,10,Aqualens Monthly Disposable 10Hrs,https://www.lenskart.com/aqualens-10-h-montly-disposable-contact-lens-3-lens-box.html,null,329,null,null,Aqualens Monthly Disposable 10Hrs,null,null,205
148157,33,11,Gunmetal Full Rim Geometric,https://www.lenskart.com/vincent-chase-vc-s13984-c1-sunglasses.html,Vincent Chase,2000,Narrow ?,133 mm,VC S13984,",Eyewear,Sunglasses,Brands,Vincent Chase",with 1 year warranty,1368
209226,19,19,Black Blue Demi Full Rim Rectangle,https://www.lenskart.com/vincent-chase-vc-e13441-c5-eyeglasses.html,Vincent Chase,1700,Medium ?,134 mm,VC E13441,",Eyewear,Eyeglasses,Brands,Vincent Chase",with 1 Year Warranty & 14 Day Return,1159
207376,8,4,Blue Full Rim Square,https://www.lenskart.com/vincent-chase-vc-e15481-c2-eyeglasses.html,Vincent Chase,1700,Medium ?,136 mm,VC E15481,",Eyewear,Eyeglasses,Brands,Vincent Chase",with 1 Year Warranty & 14 Day Return,1074
145996,18,18,Transparent Full Rim Square,https://www.lenskart.com/lenskart-air-la-e11821-full-rim-wayfarer-stainless-steel-c1-eyeglasses.html,Lenskart Air,1700,Wide ?,138 mm,LA E11821,",Eyewear,Eyeglasses,Brands,Lenskart Air",with 1 Year Warranty & 14 Day Return,1087
204844,10,10,Black Full Rim Wayfarer,https://www.lenskart.com/vincent-chase-vc-s13973-l1-sunglasses.html,Vincent Chase Polarized,2000,Wide ?,145 mm,VC S13973,",Eyewear,Sunglasses,Brands,Vincent Chase",with 1 year warranty,1284
213692,8,8,Black Full Rim Wayfarer,https://www.lenskart.com/john-jacobs-jj-s13227-c4-sunglasses.html,John Jacobs,5000,Medium ?,136 mm,JJ S13227,",Eyewear,Sunglasses,Brands,John Jacobs",with 1 year warranty,3241
216553,5,5,Aquacolor Premium Mystery Hazel Monthly,https://www.lenskart.com/aqua-color-mystery-hazel-monthly-disposable-premium-1-lens-pck.html,null,299,null,null,Aquacolor Premium Mystery Hazel Monthly,",Eyewear,Contact Lenses,Top Lens Brands,Aqualens Contact Lens,Aqualens color contact lenses",null,180
204184,11,11,Grey Transparent Full Rim Rectangle,https://www.lenskart.com/lenskart-air-la-e15019-c1-eyeglasses.html,Lenskart Air,1700,Medium ?,137 mm,LA E15019,",Eyewear,Eyeglasses,Brands,Lenskart Air",with 1 Year Warranty & 14 Day Return,1069
142997,24,12,Silver Black Half Rim Cat Eye,https://www.lenskart.com/vincent-chase-vc-e13393-c2-eyeglasses.html,Vincent Chase,1700,Narrow ?,132 mm,VC E13393,",Eyewear,Eyeglasses,Brands,Vincent Chase",with 1 Year Warranty & 14 Day Return,1149
201332,16,16,Grey Full Rim Square,https://www.lenskart.com/lenskart-air-la-e13068-c5-eyeglasses.html,Lenskart Air,1700,Medium ?,134 mm,LA E13068,",Eyewear,Eyeglasses,Brands,Lenskart Air",with 1 Year Warranty & 14 Day Return,1112
136711,16,16,Black Full Rim Rectangle,https://www.lenskart.com/vincent-chase-vc-e12852-c1-eyeglasses.html,Lenskart Air,1700,Medium ?,134 mm,LA E12852,",Eyewear,Eyeglasses,Brands,Lenskart Air",with 1 Year Warranty & 14 Day Return,1025
210613,16,16,Blue Full Rim Wayfarer,https://www.lenskart.com/vincent-chase-vc-s15999-c3-sunglasses.html,Lenskart Hustlr,2000,Medium ?,141 mm,VC S15999,",Eyewear,Sunglasses,Brands,Lenskart STUDIO",with 1 year warranty,1381
146623,32,16,Gold Full Rim Geometric,https://www.lenskart.com/vincent-chase-vc-e13788-c1-eyeglasses.html,Vincent Chase,1700,Narrow ?,132 mm,VC E13788,",Eyewear,Eyeglasses,Brands,Vincent Chase",with 1 Year Warranty & 14 Day Return,1167
135646,17,17,Black Rimless Square,https://www.lenskart.com/john-jacobs-jj-e12634-c1-eyeglasses.html,John Jacobs,5000,Wide ?,139 mm,JJ E12634,",Eyewear,Eyeglasses,Brands,John Jacobs",with 1 Year Warranty & 14 Day Return,3173
137980,8,8,Black Full Rim Round,https://www.lenskart.com/lenskart-air-la-e13035-c1-eyeglasses.html,Lenskart Air,1700,Narrow ?,132 mm,LA E13071,",Eyewear,Eyeglasses,Brands,Lenskart Air",with 1 Year Warranty & 14 Day Return,1064
135439,11,11,Silver Rimless Rectangle,https://www.lenskart.com/john-jacobs-rimless-jj-e12610-c2-eyeglasses.html,John Jacobs,3500,Medium ?,134 mm,JJ E12610,",Eyewear,Eyeglasses,Brands,John Jacobs",with 1 Year Warranty & 14 Day Return,2237
137971,17,17,Black Full Rim Square,https://www.lenskart.com/lenskart-air-la-e13032-c1-eyeglasses.html,Lenskart Air,1700,Medium ?,134 mm,LA E13068,",Eyewear,Eyeglasses,Brands,Lenskart Air",with 1 Year Warranty & 14 Day Return,1154
215927,15,15,Navy Full Rim Wayfarer,https://www.lenskart.com/lenskart-la-e15417-xw-c28-eyeglasses.html,Lenskart Hustlr,1700,Extra Wide ?,144 mm,LA E15417-XW,",Eyewear,Eyeglasses,Brands,Lenskart HUSTLR",with 1 Year Warranty & 14 Day Return,1178
215391,12,12,Brown Full Rim Cat Eye,https://www.lenskart.com/vincent-chase-vc-e16666-c2-eyeglasses.html,Vincent Chase,1700,Narrow ?,133 mm,VC E16666,",Eyewear,Eyeglasses,Brands,Vincent Chase",with 1 Year Warranty & 14 Day Return,1162
207627,16,16,Bausch & Lomb iConnect Daily Disposable,https://www.lenskart.com/bausch-lomb-icont-daily-disposable-cl-10lp.html,null,330,null,null,Bausch & Lomb iConnect Daily Disposable,null,null,211
150510,17,17,Black Full Rim Square,https://www.lenskart.com/vincent-chase-vc-e14353-c2-eyeglasses.html,Vincent Chase,1700,Medium ?,137 mm,VC E14353,",Eyewear,Eyeglasses,Brands,Vincent Chase",with 1 Year Warranty & 14 Day Return,1085
137930,15,15,Grey Full Rim Round,https://www.lenskart.com/vincent-chase-vc-e13033-c2-eyeglasses.html,Vincent Chase,1700,Extra Wide ?,142 mm,VC E13033,",Eyewear,Eyeglasses,Brands,Vincent Chase",with 1 Year Warranty & 14 Day Return,1171
212867,5,5,Black Full Rim Rectangle,https://www.lenskart.com/vincent-chase-vc-e16455-c1-eyeglasses.html,Vincent Chase,1700,Wide ?,138 mm,VC E16455,",Eyewear,Eyeglasses,Brands,Vincent Chase",with 1 Year Warranty & 14 Day Return,1089
215283,18,18,Black Full Rim Wayfarer,https://www.lenskart.com/john-jacobs-jj-s11766-c6-sunglasses.html,John Jacobs,5000,Medium ?,136 mm,JJ S11766,",Eyewear,Sunglasses,Brands,John Jacobs",with 1 year warranty,3452
207781,6,6,Black Full Rim Round,https://www.lenskart.com/vincent-chase-vc-e11259-c7-eyeglasses.html,Vincent Chase,1700,Narrow ?,130 mm,VC E11259,",Eyewear,Eyeglasses,Brands,Vincent Chase",with 1 Year Warranty & 14 Day Return,1122
215319,4,4,Blue Full Rim Rectangle,https://www.lenskart.com/vincent-chase-vc-e16609-c2-eyeglasses.html,Vincent Chase,1700,Narrow ?,130 mm,VC E16609,",Eyewear,Eyeglasses,Brands,Vincent Chase",with 1 Year Warranty & 14 Day Return,1094
213690,20,10,Transparent Full Rim Rectangle,https://www.lenskart.com/john-jacobs-jj-e14008l-c7-eyeglasses.html,John Jacobs,3500,Wide ?,140 mm,JJ E14008L,",Eyewear,Eyeglasses,Brands,Restock Your Solution",with 1 Year Warranty & 14 Day Return,2444
136403,22,11,Gunmetal Grey Full Rim Aviator,https://www.lenskart.com/john-jacobs-jj-s12808-c1-sunglasses.html,John Jacobs,3500,Medium ?,135 mm,JJ S12808,",Eyewear,Sunglasses,Brands,John Jacobs",with 1 year warranty,2335
149268,18,18,Transparent Full Rim Square,https://www.lenskart.com/lenskart-air-la-e10592-c9-c9-eyeglasses.html,Lenskart Air,1700,Medium ?,137 mm,LA E10592,",Eyewear,Eyeglasses,Brands,Lenskart Air",with 1 Year Warranty & 14 Day Return,1172
200553,19,19,Blue Transparent Full Rim Square,https://www.lenskart.com/lenskart-air-la-e14832-c3-eyeglasses.html,Lenskart Air,1700,Extra Wide ?,142 mm,LA E14832,",Eyewear,Eyeglasses,Brands,Lenskart Air",with 1 Year Warranty & 14 Day Return,1156
131410,20,20,Black Full Rim Hexagonal,https://www.lenskart.com/black-golden-full-rim-hexagon-small-size-50-john-jacobs-supreme-steel-jj-e11675-c1-eyeglasses.html,John Jacobs,5000,Medium ?,135 mm,JJ E11675,",Eyewear,Eyeglasses,Brands,John Jacobs",with 1 Year Warranty & 14 Day Return,3322
204542,13,13,Matte Black Full Rim Wayfarer,https://www.lenskart.com/vincent-chase-vc-s14461-c6-sunglasses.html,Vincent Chase Polarized,2000,Wide ?,142 mm,VC S14461,",Eyewear,Sunglasses,Brands,Vincent Chase",with 1 year warranty,1343
215313,5,5,Blue Transparent Full Rim Square,https://www.lenskart.com/vincent-chase-vc-e16607-c1-eyeglasses.html,Vincent Chase,1700,Medium ?,135 mm,VC E16607,",Eyewear,Eyeglasses,Brands,Vincent Chase",with 1 Year Warranty & 14 Day Return,1190
210614,8,8,Mocha Full Rim Wayfarer,https://www.lenskart.com/vincent-chase-vc-s15999-c4-sunglasses.html,Lenskart Hustlr,2000,Medium ?,141 mm,VC S15999,",Eyewear,Sunglasses,Brands,Lenskart STUDIO",with 1 year warranty,1357
149097,30,15,Grey Transparent Gunmetal Full Rim Round,https://www.lenskart.com/vincent-chase-vc-e13033-m-c2-c2-eyeglasses.html,Vincent Chase,1700,Medium ?,136 mm,VC E13033-M,",Eyewear,Eyeglasses,Brands,Vincent Chase",with 1 Year Warranty & 14 Day Return,1085
209775,4,4,Blue Full Rim Round,https://www.lenskart.com/lenskart-air-la-e15851-c2-eyeglasses.html,Lenskart Air,3000,Medium ?,137 mm,LA E15851,",Eyewear,Eyeglasses,Brands,Lenskart Air",with 1 Year Warranty & 14 Day Return,2038
146274,17,17,Blue Full Rim Rectangle,https://www.lenskart.com/lenskart-air-lenskart-air-la-e12059-rectangle-tr90-c1-eyeglasses.html,Lenskart Air,1700,Narrow ?,132 mm,LA E12059,",Eyewear,Eyeglasses,Brands,Vincent Chase",with 1 Year Warranty & 14 Day Return,1146
201278,27,14,Grey Transparent Full Rim Round,https://www.lenskart.com/lenskart-air-la-e14960-c2-eyeglasses.html,Lenskart Air,1700,Narrow ?,133 mm,LA E14960,",Eyewear,Eyeglasses,Brands,Lenskart Air",with 1 Year Warranty & 14 Day Return,1064
201315,24,12,Black Silver Full Rim Geometric,https://www.lenskart.com/vincent-chase-vc-e13634-c7-eyeglasses.html,Vincent Chase,1700,Medium ?,134 mm,VC E13634,",Eyewear,Eyeglasses,Brands,Vincent Chase",with 1 Year Warranty & 14 Day Return,1120
207782,1,1,Blue Full Rim Round,https://www.lenskart.com/vincent-chase-vc-e11259-c8-eyeglasses.html,Vincent Chase,1700,Narrow ?,130 mm,VC E11259,",Eyewear,Eyeglasses,Brands,Vincent Chase",with 1 Year Warranty & 14 Day Return,1039
